LIBELLE_CLIENT;CODE_PRODUIT;SUPPORT;CODEISIN;LIBELLE_VALEUR;SENS;QUANTITE;QUANTITE_MNT;LIBDEV;DATE_EXEC;COURS_EXEC;TX_CONV_RGLT;MNT_BRUT_EUR;MNT_NET_EUR;CC;FRAIS_TRANSAC_TTC_EUR;COM_CIC_RL_HT
FCP HUGAU MONETERME;OBE;OBL;BE0002206721;BEKAERT 4,75%13-171020;A;156.0;156000.0;EUR;2020-01-02;103.5;1.0;163099.92;163134.92;1639.92;35.0;35.0
FCP HUGAU MONETERME;OBE;OBL;IT0004645542;MEDIOBANCA-BCA 5%10-151120;A;1300.0;1300000.0;EUR;2020-01-03;104.05;1.0;1362062.52;1362259.82;9412.52;197.3;35.0
FCP HUGAU MONETERME;OBF;TCN;FR0125974651;CGP    NCP PRE-CPTE   31032020;A;20000000.0;20000000.0;EUR;2020-01-02;0.99902317;1.0;19980463.4;19980488.4;;25.0;25.0
FCP HUGAU MONETERME;OBE;OBL;AT0000A100E2;WIENERBERGER AG 4%13-170420;A;2000.0;2000000.0;EUR;2020-01-02;101.129;1.0;2080284.92;2080589.96;57704.92;305.04;35.0
FCP HUGAU MONETERME;OBF;TCN;FR0126030438;VICAT  NCP05012021;A;10000000.0;10000000.0;EUR;2020-01-02;0.99974659;1.0;9997465.9;9997490.9;;25.0;25.0
FCP HUGAU MONETERME;OBE;OBL;IT0004720436;MEDIOBANCA-BCA TV11-130621;A;54.0;54000.0;EUR;2020-01-02;105.89361;1.0;57344.55;57396.71;162.0;52.16;35.0
FCP HUGAU MONETERME;OBE;OBL;FR0012830685;ATOS SE 2,375%15-020720;A;48.0;4800000.0;EUR;2020-01-03;100.592;1.0;4887284.85;4888005.94;58868.85;721.09;60.0
FCP HUGAU MONETERME;OBE;OBL;DE000DL19T18;DEUTSCHE BANK 0,375%18-180121;A;50.0;5000000.0;EUR;2020-01-03;99.937;1.0;5015034.09;5015774.33;18184.09;740.24;60.0
FCP HUGAU MONETERME;OBE;OBL;IT0005042087;BANCA IMI TV14-051121;A;57.0;57000.0;EUR;2020-01-03;99.9;1.0;56967.59;57019.68;24.59;52.09;35.0
FCP HUGAU MONETERME;OBE;OBL;XS0525912449;BARCLAYS 6%10-140121 SUB.S.206;A;2826.0;2826000.0;EUR;2020-01-06;106.023;1.0;3162982.69;3163449.22;166772.71;466.53;39.53
FCP HUGAU MONETERME;OBF;TCN;FR0125974891;COMPAG NCP08042020;A;20000000.0;20000000.0;EUR;2020-01-06;1.00017697;1.0;20003539.4;20003564.4;;25.0;25.0
FCP HUGAU MONETERME;OBE;OBL;IT0005042087;BANCA IMI TV14-051121;A;2000.0;2000000.0;EUR;2020-01-07;99.86986;1.0;1998287.4;1999179.36;890.2;891.96;35.0
FCP HUGAU MONETERME;OBE;OBL;XS1190663952;BBVA TV15-PERP PREF.SEC.COCOS;A;14.0;2800000.0;EUR;2020-01-07;100.725;1.0;2847006.52;2847066.52;26706.52;60.0;60.0
FCP HUGAU MONETERME;OBE;OBL;IT0005042087;BANCA IMI TV14-051121;A;344.0;344000.0;EUR;2020-01-07;99.85;1.0;343637.11;343784.7;153.11;147.59;35.0
FCP HUGAU MONETERME;OBE;OBL;XS1205716720;AUTOSTR BRESCIA 2,375%15-0320;V;5000.0;5000000.0;EUR;2020-01-07;100.35;1.0;5113214.0;5113154.0;95714.0;60.0;60.0
FCP HUGAU MONETERME;OBE;OBL;IT0005042087;BANCA IMI TV14-051121;A;344.0;344000.0;EUR;2020-01-07;99.85;1.0;343637.11;343784.7;153.11;147.59;35.0
FCP HUGAU MONETERME;OBE;OBL;XS1205716720;AUTOSTR BRESCIA 2,375%15-0320;V;2000.0;2000000.0;EUR;2020-01-07;100.35;1.0;2045285.6;2045250.6;38285.6;35.0;35.0
FCP HUGAU MONETERME;OBE;OBL;USU07265AB47;BAYER US FIN II TV18-250621;A;4060.0;4060000.0;USD;2020-01-08;100.42;1.1127;3667763.29;3668304.27;3656.16;540.98;45.84
FCP HUGAU MONETERME;OBE;OBL;IT0004960669;INTESA SANPAOLO 5%13-171020;A;5.0;500000.0;EUR;2020-01-08;103.67;1.0;104831.2;104897.3;1161.2;66.1;35.0
FCP HUGAU MONETERME;OBE;TCN;DE000A254MQ4;ECP METRO AG 28 02 2020;A;210.0;21000000.0;EUR;2020-01-09;100.00068057;1.0;21000142.92;21000197.92;;55.0;55.0
FCP HUGAU MONETERME;OBE;OBL;US40429CGD83;HSBC FINANCE 10/21;A;2619.0;2619000.0;USD;2020-01-09;104.2;1.1105;2535298.39;2535671.68;77848.59;373.29;35.0
FCP HUGAU MONETERME;OBE;OBL;IT0005042087;BANCA IMI TV14-051121;A;73.0;73000.0;EUR;2020-01-10;99.95;1.0;72998.49;73055.38;34.99;56.89;35.0
FCP HUGAU MONETERME;OBE;OBL;XS1043535092;BCO SANT.TV14-PERP.PF SEC.CV;A;81.0;8100000.0;EUR;2020-01-10;100.87;1.0;8210719.21;8210779.21;40249.21;60.0;60.0
FCP HUGAU MONETERME;OBE;OBL;XS1190663952;BBVA TV15-PERP PREF.SEC.COCOS;A;66.0;13200000.0;EUR;2020-01-13;100.62;1.0;13422269.35;13422329.35;140429.35;60.0;60.0
FCP HUGAU MONETERME;OBE;OBL;IT0005056541;ITALIE TV14-151220;V;10000.0;10000000.0;EUR;2020-01-14;100.609;1.0;10064989.0;10064929.0;4089.0;60.0;60.0
FCP HUGAU MONETERME;OBE;OBL;XS0525912449;BARCLAYS 6%10-140121 SUB.S.206;A;4010.0;4010000.0;EUR;2020-01-13;105.88;1.0;4246445.38;4247071.72;657.38;626.34;53.08
FCP HUGAU MONETERME;OPF;FCP1;FR0000009987;UNION + (IC);V;117.0;;;2020-01-14;190048.34;1.0;22235655.78;22235640.78;;;15.0
FCP HUGAU MONETERME;OBE;OBL;XS1190663952;BBVA TV15-PERP PREF.SEC.COCOS;A;40.0;8000000.0;EUR;2020-01-14;100.6;1.0;8134576.09;8134636.09;86576.09;60.0;60.0
FCP HUGAU MONETERME;OBE;OBL;IT0004960669;INTESA SANPAOLO 5%13-171020;A;10.0;1000000.0;EUR;2020-01-14;103.6;1.0;209686.34;209783.5;2486.34;97.16;35.0
FCP HUGAU MONETERME;OPF;FCP1;FR0000009987;UNION + (IC);A;65.0;;;2020-01-16;190044.3;1.0;12352879.5;12352894.5;;;15.0
FCP HUGAU MONETERME;OBF;TCN;FR0126069782;BOLLOR NCP PRE-CPTE   20042020;A;30000000.0;30000000.0;EUR;2020-01-16;1.00039195;1.0;30011758.5;30011783.5;;25.0;25.0
FCP HUGAU MONETERME;OPF;FCP1;FR0013368065;CM-CIC MONEPLUS IC2 FCP 3DEC;A;100.0;;;2020-01-20;107033.73;1.0;10703373.0;10703388.0;;;15.0
FCP HUGAU MONETERME;OBE;OBL;XS1043535092;BCO SANT.TV14-PERP.PF SEC.CV;A;47.0;4700000.0;EUR;2020-01-21;100.735;1.0;4764268.88;4764328.88;29723.88;60.0;60.0
FCP HUGAU MONETERME;OPF;FCP1;FR0013368065;CM-CIC MONEPLUS IC2 FCP 3DEC;V;100.0;;;2020-01-22;107032.33;1.0;10703233.0;10703218.0;;;15.0
FCP HUGAU MONETERME;OBE;OBL;DE000DL19T18;DEUTSCHE BANK 0,375%18-180121;A;26.0;2600000.0;EUR;2020-01-22;100.13;1.0;2603539.84;2603923.37;159.84;383.53;35.0
FCP HUGAU MONETERME;OBE;TCN;XS2105096072;ECP FINCANTIERI 27032020;A;15000000.0;15000000.0;EUR;2020-01-22;99.99466693;1.0;14999200.04;14999255.04;;55.0;55.0
FCP HUGAU MONETERME;OBE;OBL;XS0525912449;BARCLAYS 6%10-140121 SUB.S.206;A;3500.0;3500000.0;EUR;2020-01-22;105.74;1.0;3706637.7;3707184.42;5737.7;546.72;46.33
FCP HUGAU MONETERME;OBE;OBL;XS0995040051;ANGLO AMER CAPITAL 2,875%13-20;A;1000.0;1000000.0;EUR;2020-01-22;102.3542;1.0;1028647.87;1028795.17;5105.87;147.3;35.0
FCP HUGAU MONETERME;OBE;OBL;XS1190663952;BBVA TV15-PERP PREF.SEC.COCOS;A;36.0;7200000.0;EUR;2020-01-22;100.455;1.0;7321243.7;7321303.7;88483.7;60.0;60.0
FCP HUGAU MONETERME;OBE;OBL;XS0487711573;BANK OF IE GRP 10%10-0220 SUB.;V;10000.0;10000000.0;EUR;2020-01-23;100.446;1.0;11000764.38;10999126.27;956164.38;1638.11;60.0
FCP HUGAU MONETERME;OPF;FCP1;FR0013368065;CM-CIC MONEPLUS IC2 FCP 3DEC;V;90.0;;;2020-01-23;107031.2;1.0;9632808.0;9632793.0;;;15.0
FCP HUGAU MONETERME;OBE;OBL;XS1604200904;LEASEPLAN TV17-041120;V;7500.0;7500000.0;EUR;2020-01-22;100.267;1.0;7522151.25;7521034.94;2126.25;1116.31;60.0
FCP HUGAU MONETERME;OBE;OBL;IT0004720436;MEDIOBANCA-BCA TV11-130621;A;100.0;100000.0;EUR;2020-01-22;105.57;1.0;106095.0;106161.67;525.0;66.67;35.0
FCP HUGAU MONETERME;OBE;OBL;IT0004960669;INTESA SANPAOLO 5%13-171020;A;13.0;1300000.0;EUR;2020-01-22;103.49;1.0;272590.4;272706.12;3516.4;115.72;35.0
FCP HUGAU MONETERME;OBE;OBL;IT0004960669;INTESA SANPAOLO 5%13-171020;A;1.0;100000.0;EUR;2020-01-23;103.45;1.0;20968.69;21013.69;278.69;45.0;35.0
FCP HUGAU MONETERME;OBE;OBL;XS0526326334;INTESA 5,15%10-160720 EMTN;A;1.0;50000.0;EUR;2020-01-23;102.25;1.0;52496.93;52547.27;1371.93;50.34;35.0
FCP HUGAU MONETERME;OBE;TCN;XS2110937815;ECP FINCANTIER 20;A;15000000.0;15000000.0;EUR;2020-01-22;99.99466693;1.0;14999200.04;14999255.04;;55.0;55.0
FCP HUGAU MONETERME;OBE;OBL;IT0004645542;MEDIOBANCA-BCA 5%10-151120;A;97.0;97000.0;EUR;2020-01-27;103.74;1.0;101621.65;101686.85;993.85;65.2;35.0
FCP HUGAU MONETERME;OBE;OBL;US40429CGD83;HSBC FINANCE 10/21;A;3387.0;3387000.0;USD;2020-01-27;104.17;1.1023;3208773.75;3209247.03;7977.32;473.28;40.1
FCP HUGAU MONETERME;OBE;OBL;XS1492457236;MYLAN 1,25%16-231120;A;1400.0;1400000.0;EUR;2020-01-28;100.97;1.0;1416831.37;1417036.89;3251.37;205.52;35.0
FCP HUGAU MONETERME;OBE;OBL;DE000DL19UQ0;DEUTSCHE BANK 1,625%19-120221;A;20.0;2000000.0;EUR;2020-01-29;101.435;1.0;2060131.51;2060433.52;31431.51;302.01;35.0
FCP HUGAU MONETERME;OBE;OBL;XS1138358699;WALGREENS BOOTS 2,875%14-1120;A;8877.0;8877000.0;GBP;2020-01-30;101.27;0.8453;10696836.39;10698428.91;61869.04;1592.52;60.0
FCP HUGAU MONETERME;OBE;OBL;XS0526326334;INTESA 5,15%10-160720 EMTN;A;2.0;100000.0;EUR;2020-01-29;102.2;1.0;105000.14;105065.8;2800.14;65.66;35.0
FCP HUGAU MONETERME;OBE;OBL;IT0004720436;MEDIOBANCA-BCA TV11-130621;A;3500.0;3500000.0;EUR;2020-01-30;105.64;1.0;3720150.0;3720698.71;22750.0;548.71;46.5
FCP HUGAU MONETERME;OBE;OBL;XS1138358699;WALGREENS BOOTS 2,875%14-1120;A;1195.0;1195000.0;GBP;2020-01-30;101.27;0.8453;1439981.92;1440190.91;8328.66;208.99;35.0
FCP HUGAU MONETERME;OBF;OBL;FR0011560986;ORANO 3,25%13-040920 EMTN;A;20.0;2000000.0;EUR;2020-01-30;101.85;1.0;2063994.54;2064297.13;26994.54;302.59;35.0
FCP HUGAU MONETERME;OBE;OBL;DE000A0KAAA7;HT1 FUNDING 06/17UNBEFR.;A;2685.0;2685000.0;EUR;2020-01-31;100.735;1.0;2733923.16;2733983.16;29188.41;60.0;60.0
FCP HUGAU MONETERME;OBE;OBL;DE000A0KAAA7;HT1 FUNDING 06/17UNBEFR.;A;6100.0;6100000.0;EUR;2020-02-04;100.715;1.0;6210533.19;6212681.19;66918.19;2148.0;60.0
FCP HUGAU MONETERME;OBE;OBL;US31562QAC15;FIAT CHRYSL.AUTOM. 15/20;A;8409.0;8409000.0;USD;2020-02-04;100.39;1.1054;7742419.02;7743568.38;105549.92;1149.36;60.0
FCP HUGAU MONETERME;OBE;OBL;IT0004960669;INTESA SANPAOLO 5%13-171020;A;21.0;2100000.0;EUR;2020-02-05;103.325;1.0;440448.62;440507.68;6483.62;59.06;35.0
FCP HUGAU MONETERME;OBE;OBL;IT0004720436;MEDIOBANCA-BCA TV11-130621;A;222.0;222000.0;EUR;2020-02-05;105.44995;1.0;235652.89;235758.13;1554.0;105.24;35.0
FCP HUGAU MONETERME;OPF;FCP1;FR0000009987;UNION + (IC);V;27.0;;;2020-02-06;190012.24;1.0;5130330.48;5130315.48;;;15.0
FCP HUGAU MONETERME;OPF;FCP1;FR0000009987;UNION + (IC);A;62.0;;;2020-02-07;190010.38;1.0;11780643.56;11780658.56;;;15.0
FCP HUGAU MONETERME;OBE;OBL;XS1824431313;QNB FINANCE TV18-310521;A;3380.0;3380000.0;USD;2020-02-06;101.03;1.0999;3124996.25;3125457.18;20337.65;460.93;39.06
FCP HUGAU MONETERME;OBE;OBL;XS1038646078;GAZ CAPITAL 3,6%14-260221;A;400.0;400000.0;EUR;2020-02-11;103.6957;1.0;428669.92;428727.22;13887.12;57.3;35.0
FCP HUGAU MONETERME;OBE;OBL;XS1038646078;GAZ CAPITAL 3,6%14-260221;A;406.0;406000.0;EUR;2020-02-11;103.658;1.0;434946.91;435005.14;14095.43;58.23;35.0
FCP HUGAU MONETERME;OBF;TCN;FR0126111592;EIFFAG BMT11022022;A;10000000.0;10000000.0;EUR;2020-02-11;1.0;1.0;10000000.0;10000025.0;;25.0;25.0
FCP HUGAU MONETERME;OPF;FCP1;FR0000009987;UNION + (IC);V;25.0;;;2020-02-12;190004.26;1.0;4750106.5;4750091.5;;;15.0
FCP HUGAU MONETERME;OBE;OBL;IT0005042087;BANCA IMI TV14-051121;A;76.0;76000.0;EUR;2020-02-12;100.08947;1.0;76072.86;76130.68;4.86;57.82;35.0
FCP HUGAU MONETERME;OPF;FCP1;FR0000009987;UNION + (IC);V;7.0;;;2020-02-13;190002.83;1.0;1330019.81;1330004.81;;;15.0
FCP HUGAU MONETERME;OBE;OBL;DE000CB83CF0;COMMERZBANK 7,75%11-160321 774;A;20.0;2000000.0;EUR;2020-02-13;108.24;1.0;2307942.08;2308281.27;143142.08;339.19;35.0
FCP HUGAU MONETERME;OBE;OBL;DE000CB83CF0;COMMERZBANK 7,75%11-160321 774;A;25.0;2500000.0;EUR;2020-02-13;108.242;1.0;2884977.6;2885403.12;178927.6;425.52;36.06
FCP HUGAU MONETERME;OPF;FCP1;FR0000009987;UNION + (IC);V;5.0;;;2020-02-14;190001.46;1.0;950007.3;949992.3;;;15.0
FCP HUGAU MONETERME;OPF;FCP1;FR0000009987;UNION + (IC);V;27.0;;;2020-02-17;189997.06;1.0;5129920.62;5129905.62;;;15.0
FCP HUGAU MONETERME;OBE;OBL;IT0005067027;UNICREDIT TV14-160222 10;A;4.0;40000.0;EUR;2020-02-17;101.57;1.0;16253.65;16298.65;2.45;45.0;35.0
FCP HUGAU MONETERME;OBE;OBL;XS1048568452;FIAT CHRYSLER 4,75%14-220321;A;4000.0;4000000.0;EUR;2020-02-18;105.124;1.0;4378867.1;4379512.97;173907.1;645.87;54.73
FCP HUGAU MONETERME;OBE;OBL;IT0004960669;INTESA SANPAOLO 5%13-171020;A;3.0;300000.0;EUR;2020-02-18;103.1;1.0;62892.79;62946.35;1032.79;53.56;35.0
FCP HUGAU MONETERME;OBF;OBL;FR0010941690;ORANO3.50%MAR21 EMTN;A;74.0;3700000.0;EUR;2020-02-18;103.585;1.0;3951176.42;3951225.8;118531.42;49.38;49.38
FCP HUGAU MONETERME;OBE;OBL;IT0005067027;UNICREDIT TV14-160222 10;A;300.0;3000000.0;EUR;2020-02-19;101.93;1.0;1223466.5;1223643.02;306.5;176.52;35.0
FCP HUGAU MONETERME;OBE;OBL;XS1048568452;FIAT CHRYSLER 4,75%14-220321;A;1000.0;1000000.0;EUR;2020-02-19;105.1;1.0;1094606.56;1094763.74;43606.56;157.18;35.0
FCP HUGAU MONETERME;OBE;OBL;FR0011769090;RENAULT 3,125%14-050321 EMTN;A;857.0;857000.0;EUR;2020-02-19;103.106;1.0;909448.42;909577.84;25830.0;129.42;35.0
FCP HUGAU MONETERME;OBE;OBL;DE000CB83CF0;COMMERZBANK 7,75%11-160321 774;A;34.0;3400000.0;EUR;2020-02-18;108.225;1.0;3925151.37;3925200.43;245501.37;49.06;49.06
FCP HUGAU MONETERME;OBE;OBL;FR0011769090;RENAULT 3,125%14-050321 EMTN;A;4000.0;4000000.0;EUR;2020-02-20;103.133;1.0;4246904.7;4247531.1;121584.7;626.4;53.08
FCP HUGAU MONETERME;OBE;OBL;DE000DL19UQ0;DEUTSCHE BANK 1,625%19-120221;A;50.0;5000000.0;EUR;2020-02-21;101.45;1.0;5075385.93;5076135.23;2885.93;749.3;60.0
FCP HUGAU MONETERME;OBE;OBL;XS1048568452;FIAT CHRYSLER 4,75%14-220321;A;1865.0;1865000.0;EUR;2020-02-21;105.04;1.0;2041290.4;2041589.59;82294.4;299.19;35.0
FCP HUGAU MONETERME;OBE;OBL;XS1821814800;FORD MOTOR CRED TV18-140521;A;5000.0;5000000.0;EUR;2020-02-21;99.64;1.0;4982025.97;4982761.27;25.97;735.3;60.0
FCP HUGAU MONETERME;OBE;OBL;IT0005067027;UNICREDIT TV14-160222 10;A;17.0;170000.0;EUR;2020-02-20;101.9;1.0;69319.79;69375.58;27.79;55.79;35.0
FCP HUGAU MONETERME;OBE;OBL;XS1202846819;GLENCORE FINANCE 1,25%15-0321;A;5000.0;5000000.0;EUR;2020-02-24;100.995;1.0;5108834.7;5109589.02;59084.7;754.32;60.0
FCP HUGAU MONETERME;OBE;OBL;XS1048568452;FIAT CHRYSLER 4,75%14-220321;A;4000.0;4000000.0;EUR;2020-02-24;104.94;1.0;4374621.86;4375267.11;177021.86;645.25;54.68
FCP HUGAU MONETERME;OBE;OBL;XS1043535092;BCO SANT.TV14-PERP.PF SEC.CV;A;50.0;5000000.0;EUR;2020-02-24;100.2;1.0;5067219.23;5067279.23;57219.23;60.0;60.0
FCP HUGAU MONETERME;OBE;OBL;FR0011769090;RENAULT 3,125%14-050321 EMTN;A;3500.0;3500000.0;EUR;2020-02-21;103.1;1.0;3715185.45;3715733.42;106685.45;547.97;46.43
FCP HUGAU MONETERME;OBF;TCN;FR0126130808;ALTRAN NCP PRE-CPTE   25032020;A;5000000.0;5000000.0;EUR;2020-02-24;1.0;1.0;5000000.0;5000025.0;;25.0;25.0
FCP HUGAU MONETERME;OBE;OBL;XS1729872652;FORD MOTOR CRED TV17-011221;A;2000.0;2000000.0;EUR;2020-02-24;98.85;1.0;1977000.0;1977289.54;;289.54;35.0
FCP HUGAU MONETERME;OBE;TCN;XS2128002792;ECP SYNGENTA FINANCE 25062020;A;20000000.0;20000000.0;EUR;2020-02-25;99.9686071;1.0;19993721.42;19993776.42;;55.0;55.0
FCP HUGAU MONETERME;OBE;OBL;FR0010941690;ORANO3.50%MAR21 EMTN;A;20.0;1000000.0;EUR;2020-02-26;103.38;1.0;1066600.55;1066753.53;32800.55;152.98;35.0
FCP HUGAU MONETERME;OBE;OBL;IT0004941412;UNICREDIT TV13-131020;A;187.0;187000.0;EUR;2020-02-26;102.98278;1.0;39244.86;39291.41;729.3;46.55;35.0
FCP HUGAU MONETERME;OBE;OBL;IT0004605074;UNICREDIT TV10-310520 STEP UP;A;40.0;40000.0;EUR;2020-02-26;101.35;1.0;8465.33;8510.33;357.33;45.0;35.0
FCP HUGAU MONETERME;OBE;OBL;IT0005067027;UNICREDIT TV14-160222 10;A;5.0;50000.0;EUR;2020-02-26;101.37;1.0;20286.26;20331.26;12.26;45.0;35.0
FCP HUGAU MONETERME;OBF;OBL;FR0010941690;ORANO3.50%MAR21 EMTN;A;20.0;1000000.0;EUR;2020-02-27;103.0;1.0;1063087.43;1063239.89;33087.43;152.46;35.0
FCP HUGAU MONETERME;OPF;FCP1;FR0013368065;CM-CIC MONEPLUS IC2 FCP 3DEC;V;36.0;;;2020-02-27;107001.5;1.0;3852054.0;3852039.0;;;15.0
FCP HUGAU MONETERME;OBE;OBL;FR0010941690;ORANO3.50%MAR21 EMTN;A;20.0;1000000.0;EUR;2020-02-27;102.9;1.0;1062087.43;1062239.74;33087.43;152.31;35.0
FCP HUGAU MONETERME;OPF;FCP1;FR0013368065;CM-CIC MONEPLUS IC2 FCP 3DEC;A;110.0;;;2020-02-28;107000.45;1.0;11770049.5;11770064.5;;;15.0
FCP HUGAU MONETERME;OBE;OBL;XS1048568452;FIAT CHRYSLER 4,75%14-220321;A;1500.0;1500000.0;EUR;2020-02-27;104.772;1.0;1638936.56;1639175.39;67356.56;238.83;35.0
FCP HUGAU MONETERME;OPF;FCP1;FR0000009987;UNION + (IC);A;130.0;;;2020-02-28;189979.64;1.0;24697353.2;24697368.2;;;15.0
FCP HUGAU MONETERME;OBE;OBL;DE000DL19UQ0;DEUTSCHE BANK 1,625%19-120221;A;50.0;5000000.0;EUR;2020-02-28;101.239;1.0;5066389.89;5066449.89;4439.89;60.0;60.0
FCP HUGAU MONETERME;OBE;OBL;IT0005067027;UNICREDIT TV14-160222 10;A;3.0;30000.0;EUR;2020-03-03;100.7;1.0;12095.65;12140.65;11.65;45.0;35.0
FCP HUGAU MONETERME;OBE;OBL;XS1202846819;GLENCORE FINANCE 1,25%15-0321;A;2000.0;2000000.0;EUR;2020-03-04;100.9;1.0;2042248.63;2042283.63;24248.63;35.0;35.0
FCP HUGAU MONETERME;OBE;OBL;XS1202846819;GLENCORE FINANCE 1,25%15-0321;A;3000.0;3000000.0;EUR;2020-03-04;100.923;1.0;3064062.95;3064514.89;36372.95;451.94;38.3
FCP HUGAU MONETERME;OBE;OBL;IT0004645542;MEDIOBANCA-BCA 5%10-151120;A;141.0;141000.0;EUR;2020-03-03;102.87;1.0;147184.81;147263.32;2138.11;78.51;35.0
FCP HUGAU MONETERME;OBE;OBL;IT0004982200;UNICREDIT TV14-310321 STEP-UP;A;10.0;10000.0;EUR;2020-03-03;102.67;1.0;4281.74;4326.74;174.94;45.0;35.0
FCP HUGAU MONETERME;OPF;FCP1;FR0000009987;UNION + (IC);V;50.0;;;2020-03-05;189967.65;1.0;9498382.5;9498367.5;;;15.0
FCP HUGAU MONETERME;OBF;TCN;FR0126131533;ALTRAN NCP31032020;A;13100000.0;13100000.0;EUR;2020-03-05;1.0;1.0;13100000.0;13100025.0;;25.0;25.0
FCP HUGAU MONETERME;OPF;FCP3;FR0010611335;PALATINE MOMA I FCP 3DEC;V;560.0;;;2020-03-06;32179.043;1.0;18020264.08;18020249.08;;;15.0
FCP HUGAU MONETERME;OBE;OBL;FR0011731876;ACCOR 2,625%14-050221;A;20.0;2000000.0;EUR;2020-03-06;102.096;1.0;2046797.05;2046832.05;4877.05;35.0;35.0
FCP HUGAU MONETERME;OBE;OBL;FR0011731876;ACCOR 2,625%14-050221;A;30.0;3000000.0;EUR;2020-03-09;101.787;1.0;3061140.74;3061592.24;7530.74;451.5;38.26
FCP HUGAU MONETERME;OBE;OBL;FR0011731876;ACCOR 2,625%14-050221;A;20.0;2000000.0;EUR;2020-03-09;101.839;1.0;2041800.49;2041835.49;5020.49;35.0;35.0
FCP HUGAU MONETERME;OPF;FCP1;FR0000009987;UNION + (IC);V;37.0;;;2020-03-10;189957.79;1.0;7028438.23;7028423.23;;;15.0
FCP HUGAU MONETERME;OBE;OBL;IT0004982200;UNICREDIT TV14-310321 STEP-UP;A;2739.0;2739000.0;EUR;2020-03-10;106.865;1.0;1170812.94;1170847.94;;35.0;35.0
FCP HUGAU MONETERME;OBE;OBL;CH0110442859;CREDIT SUISSE 3,375%10-160320;A;2893.0;14465000.0;CHF;2020-03-10;100.03;1.059;14119082.98;14119142.98;455872.88;60.0;60.0
FCP HUGAU MONETERME;OBE;OBL;XS1051003538;GLENCORE FIN.EU 14/21 MTN;A;2000.0;2000000.0;EUR;2020-03-11;101.882;1.0;2089784.81;2089819.81;52144.81;35.0;35.0
FCP HUGAU MONETERME;OBE;OBL;CH0110442859;CREDIT SUISSE 3,375%10-160320;V;2893.0;14465000.0;CHF;2020-03-10;100.03;1.059;14119082.98;14119022.98;455872.88;60.0;60.0
FCP HUGAU MONETERME;OBE;OBL;IT0005067027;UNICREDIT TV14-160222 10;A;163.0;1630000.0;EUR;2020-03-10;100.78782055;1.0;657136.59;657171.59;;35.0;35.0
FCP HUGAU MONETERME;OBE;OBL;XS1038646078;GAZ CAPITAL 3,6%14-260221;A;2000.0;2000000.0;EUR;2020-03-12;102.11;1.0;2045937.7;2046237.59;3737.7;299.89;35.0
FCP HUGAU MONETERME;OBE;OBL;XS0468425615;BAT INTL FIN.4 7/8%09-240221;A;4900.0;4900000.0;EUR;2020-03-11;104.504;1.0;5132443.95;5133201.81;11747.95;757.86;60.0
FCP HUGAU MONETERME;OBE;OBL;IT0005067027;UNICREDIT TV14-160222 10;A;9.0;90000.0;EUR;2020-03-11;100.27;1.0;36146.85;36192.68;49.65;45.83;35.0
FCP HUGAU MONETERME;OBE;OBL;XS1549372420;HEIDELBERGC LUX 0,5%17-190121;A;3000.0;3000000.0;EUR;2020-03-12;100.161;1.0;3007207.05;3007650.61;2377.05;443.56;37.59
FCP HUGAU MONETERME;OPF;FCP1;FR0000009987;UNION + (IC);V;124.0;;;2020-03-13;189951.67;1.0;23554007.08;23553992.08;;;15.0
FCP HUGAU MONETERME;OBF;TCN;FR0126137035;ALTRAN NCP PRE-CPTE   16062020;A;10000000.0;10000000.0;EUR;2020-03-12;0.99868229;1.0;9986822.9;9986847.9;;25.0;25.0
FCP HUGAU MONETERME;OBE;OBL;XS1458408306;GLDM SACHS GRP TV16-270721;A;4200.0;4200000.0;EUR;2020-03-13;99.926;1.0;4200473.68;4201093.24;3581.68;619.56;52.5
FCP HUGAU MONETERME;OBE;OBL;FR0013260486;RCI BANQUE TV17-140322;A;3500.0;3500000.0;EUR;2020-03-12;99.3;1.0;3475500.0;3477648.0;;2148.0;60.0
FCP HUGAU MONETERME;OBE;OBL;IT0004960669;INTESA SANPAOLO 5%13-171020;A;10.0;1000000.0;EUR;2020-03-16;100.9;1.0;205980.32;206075.86;4180.32;95.54;35.0
FCP HUGAU MONETERME;OBE;OBL;XS1664643746;BAT CAPITAL TV17-160821 EMTN;A;1600.0;1600000.0;EUR;2020-03-16;98.539;1.0;1576742.67;1576972.18;118.67;229.51;35.0
FCP HUGAU MONETERME;OBE;OBL;FR0011731876;ACCOR 2,625%14-050221;A;10.0;1000000.0;EUR;2020-03-16;101.153;1.0;1014542.3;1014687.47;3012.3;145.17;35.0
FCP HUGAU MONETERME;OBE;OBL;XS2099993235;SANTANDER CONSUM FI TV20-0721;A;50.0;5000000.0;EUR;2020-03-16;98.1;1.0;4906983.33;4907707.37;1983.33;724.04;60.0
FCP HUGAU MONETERME;OBE;OBL;IT0004645542;MEDIOBANCA-BCA 5%10-151120;A;1000.0;1000000.0;EUR;2020-03-16;100.75;1.0;1024439.89;1024586.55;16939.89;146.66;35.0
FCP HUGAU MONETERME;OBE;OBL;XS1492457236;MYLAN 1,25%16-231120;A;5000.0;5000000.0;EUR;2020-03-17;99.9;1.0;5014979.51;5015719.75;19979.51;740.24;60.0
FCP HUGAU MONETERME;OBE;OBL;XS0995040051;ANGLO AMER CAPITAL 2,875%13-20;A;1466.0;1466000.0;EUR;2020-03-17;101.2;1.0;1497410.85;1497628.45;13818.85;217.6;35.0
FCP HUGAU MONETERME;OBE;OBL;XS2093769383;SANTANDER CONSUM FI TV19-1221;A;50.0;5000000.0;EUR;2020-03-16;97.6;1.0;4880023.89;4880743.89;23.89;720.0;60.0
FCP HUGAU MONETERME;OBE;OBL;IT0004960669;INTESA SANPAOLO 5%13-171020;A;10.0;1000000.0;EUR;2020-03-17;100.89;1.0;205987.66;206083.19;4207.66;95.53;35.0
FCP HUGAU MONETERME;OPF;FCP1;FR0000009987;UNION + (IC);V;50.0;;;2020-03-18;189941.52;1.0;9497076.0;9497061.0;;;15.0
FCP HUGAU MONETERME;OPF;FCP3;FR0010611335;PALATINE MOMA I FCP 3DEC;V;240.0;;;2020-03-18;32171.263;1.0;7721103.12;7721088.12;;;15.0
FCP HUGAU MONETERME;OPF;FCP1;FR0013368065;CM-CIC MONEPLUS IC2 FCP 3DEC;V;340.0;;;2020-03-18;106979.9;1.0;36373166.0;36373151.0;;;15.0
FCP HUGAU MONETERME;OBE;OBL;IT0004960669;INTESA SANPAOLO 5%13-171020;A;10.0;1000000.0;EUR;2020-03-16;100.9;1.0;205980.32;206075.86;4180.32;95.54;35.0
FCP HUGAU MONETERME;OBE;OBL;FR0013444841;SG TV19-060921;A;30.0;3000000.0;EUR;2020-03-20;98.775;1.0;2963522.99;2963960.1;272.99;437.11;37.04
FCP HUGAU MONETERME;OBE;OBL;FR0013066669;HAVAS 1,875%15-081220;A;42.0;4200000.0;EUR;2020-03-19;99.15;1.0;4187107.38;4187724.96;22807.38;617.58;52.33
FCP HUGAU MONETERME;OBE;OBL;FR0013260486;RCI BANQUE TV17-140322;A;300.0;300000.0;EUR;2020-03-20;97.54;1.0;292632.07;292667.07;12.07;35.0;35.0
FCP HUGAU MONETERME;OBE;OBL;XS1048568452;FIAT CHRYSLER 4,75%14-220321;A;100.0;100000.0;EUR;2020-03-20;99.04;1.0;99066.03;99101.03;26.03;35.0;35.0
FCP HUGAU MONETERME;OBE;OBL;XS0548803757;BFCM 4%10-22102020;A;28.0;1400000.0;EUR;2020-03-20;101.77;1.0;1448342.84;1448553.09;23562.84;210.25;35.0
FCP HUGAU MONETERME;OBE;OBL;XS1549372420;HEIDELBERGC LUX 0,5%17-190121;A;2000.0;2000000.0;EUR;2020-03-20;99.7;1.0;1995803.28;1996095.64;1803.28;292.36;35.0
FCP HUGAU MONETERME;OBE;OBL;XS0995040051;ANGLO AMER CAPITAL 2,875%13-20;A;200.0;200000.0;EUR;2020-03-20;99.93;1.0;201823.8;201858.8;1963.8;35.0;35.0
FCP HUGAU MONETERME;OBE;OBL;XS1300465926;CAMPARI 2,75%15-300920;A;1059.0;1059000.0;EUR;2020-03-20;100.05;1.0;1073533.76;1073687.79;14004.26;154.03;35.0
FCP HUGAU MONETERME;OBE;OBL;XS1038646078;GAZ CAPITAL 3,6%14-260221;A;1000.0;1000000.0;EUR;2020-03-20;100.5;1.0;1007655.74;1007799.88;2655.74;144.14;35.0
FCP HUGAU MONETERME;OBE;OBL;US40429CGD83;HSBC FINANCE 10/21;A;100.0;100000.0;USD;2020-03-20;99.17;1.0713;93764.18;93799.18;1194.41;35.0;35.0
FCP HUGAU MONETERME;OBE;OBL;US87938WAP86;TELEFONICA EM. 2021;A;2000.0;2000000.0;USD;2020-03-20;99.182;1.0713;1862382.98;1862655.33;10763.46;272.35;35.0
FCP HUGAU MONETERME;OBE;OBL;DE000CB83CF0;COMMERZBANK 7,75%11-160321 774;A;1.0;100000.0;EUR;2020-03-20;102.353;1.0;102522.86;102557.86;169.86;35.0;35.0
FCP HUGAU MONETERME;OBE;OBL;XS1458408306;GLDM SACHS GRP TV16-270721;A;1400.0;1400000.0;EUR;2020-03-23;97.785;1.0;1370374.91;1370573.46;1384.91;198.55;35.0
FCP HUGAU MONETERME;OBE;OBL;FR0013444841;SG TV19-060921;A;20.0;2000000.0;EUR;2020-03-19;98.75;1.0;1975171.89;1975461.16;171.89;289.27;35.0
FCP HUGAU MONETERME;OBE;OBL;BE0002206721;BEKAERT 4,75%13-171020;A;369.0;369000.0;EUR;2020-03-23;100.98;1.0;380278.5;380328.54;7662.3;50.04;35.0
FCP HUGAU MONETERME;OBE;OBL;XS1300465926;CAMPARI 2,75%15-300920;A;1000.0;1000000.0;EUR;2020-03-19;100.0;1.0;1013148.91;1013293.88;13148.91;144.97;35.0
FCP HUGAU MONETERME;OBE;OBL;XS1549372420;HEIDELBERGC LUX 0,5%17-190121;A;2000.0;2000000.0;EUR;2020-03-23;99.65;1.0;1994830.6;1995122.82;1830.6;292.22;35.0
FCP HUGAU MONETERME;OBE;OBL;XS1040508167;IMPER.BRANDS FIN.14/21MTN;A;1000.0;1000000.0;EUR;2020-03-25;100.737;1.0;1009214.26;1009358.64;1844.26;144.38;35.0
FCP HUGAU MONETERME;OBE;OBL;XS0548803757;BFCM 4%10-22102020;A;35.0;1750000.0;EUR;2020-03-25;101.0;1.0;1797527.32;1797789.95;30027.32;262.63;35.0
FCP HUGAU MONETERME;OBE;OBL;XS0544654162;NORDEA BANK 4%10-290321 EMTN;A;1600.0;1600000.0;EUR;2020-03-25;102.5;1.0;1703650.27;1703898.81;63650.27;248.54;35.0
FCP HUGAU MONETERME;OBE;OBL;XS0122028904;AXA 7 1/8%00-20;A;1800.0;1800000.0;GBP;2020-03-24;103.0;0.926;2041016.47;2041051.47;38856.64;35.0;35.0
FCP HUGAU MONETERME;OBE;OBL;XS0122028904;AXA 7 1/8%00-20;A;2000.0;2000000.0;GBP;2020-03-24;103.0;0.926;2267796.08;2268129.24;43174.05;333.16;35.0
FCP HUGAU MONETERME;OBE;OBL;IT0005056541;ITALIE TV14-151220;V;5000.0;5000000.0;EUR;2020-03-26;99.953;1.0;5004422.0;5004362.0;6772.0;60.0;60.0
FCP HUGAU MONETERME;OBE;OBL;FR0013482809;LVMH TV20-110222;A;20.0;2000000.0;EUR;2020-03-25;99.005;1.0;1980100.0;1980390.01;;290.01;35.0
FCP HUGAU MONETERME;OBE;OBL;XS1382378690;BP CAPITAL MARKETS 3,161%16-21;A;2000.0;2000000.0;USD;2020-03-25;99.9;1.0813;1849399.9;1849670.3;1624.07;270.4;35.0
FCP HUGAU MONETERME;OBE;OBL;XS0907289978;TELEF.EM.3,961%13-260321 MTN;A;16.0;1600000.0;EUR;2020-03-24;103.2;1.0;1651200.0;1651440.68;;240.68;35.0
FCP HUGAU MONETERME;OBE;OBL;US87938WAP86;TELEFONICA EM. 2021;A;950.0;950000.0;USD;2020-03-26;101.333;1.0959;884209.77;884335.39;5787.02;125.62;35.0
FCP HUGAU MONETERME;OBE;OBL;XS1382378690;BP CAPITAL MARKETS 3,161%16-21;A;850.0;850000.0;USD;2020-03-26;100.02;1.0959;776658.68;776768.18;885.35;109.5;35.0
FCP HUGAU MONETERME;OBE;OBL;XS1843449981;TAKEDA PHARMA.18/20 REGS;A;2000.0;2000000.0;EUR;2020-03-26;99.693;1.0;1996523.93;1996816.4;2663.93;292.47;35.0
FCP HUGAU MONETERME;OBE;OBL;XS1040508167;IMPER.BRANDS FIN.14/21MTN;A;1000.0;1000000.0;EUR;2020-03-27;100.7;1.0;1009090.15;1009234.51;2090.15;144.36;35.0
FCP HUGAU MONETERME;OBE;OBL;XS0906792105;THALES 13-2,25%190321 EMTN;A;3.0;300000.0;EUR;2020-03-27;101.713;1.0;305360.92;305399.72;221.92;38.8;35.0
FCP HUGAU MONETERME;OBE;OBL;DE000CB83CF0;COMMERZBANK 7,75%11-160321 774;A;20.0;2000000.0;EUR;2020-03-30;101.03;1.0;2027394.52;2027691.62;6794.52;297.1;35.0
FCP HUGAU MONETERME;OBE;OBL;FR0013260486;RCI BANQUE TV17-140322;A;700.0;700000.0;EUR;2020-04-03;96.181;1.0;673344.43;673379.43;77.43;35.0;35.0
FCP HUGAU MONETERME;OBE;OBL;XS0544654162;NORDEA BANK 4%10-290321 EMTN;A;1400.0;1400000.0;EUR;2020-04-03;102.25;1.0;1432880.82;1433088.75;1380.82;207.93;35.0
FCP HUGAU MONETERME;OBE;OBL;XS0894202968;URW 2,375%13-250221 EMTN;A;1000.0;1000000.0;EUR;2020-04-03;101.25;1.0;1015225.41;1015370.69;2725.41;145.28;35.0
FCP HUGAU MONETERME;OBE;OBL;FR0012300820;APRR 1,125%14-150121 EMTN;A;15.0;1500000.0;EUR;2020-04-03;100.05;1.0;1504576.84;1504795.52;3826.84;218.68;35.0
FCP HUGAU MONETERME;OBE;OBL;XS1843449981;TAKEDA PHARMA.18/20 REGS;A;1000.0;1000000.0;EUR;2020-04-06;99.6;1.0;997424.18;997566.78;1424.18;142.6;35.0
FCP HUGAU MONETERME;OBE;OBL;XS1843449981;TAKEDA PHARMA.18/20 REGS;A;2000.0;2000000.0;EUR;2020-04-06;99.6;1.0;1994848.36;1994883.36;2848.36;35.0;35.0
FCP HUGAU MONETERME;OBE;OBL;USF2893TAN66;ELEC.DE FRANCE 15/20 REGS;A;2300.0;2300000.0;USD;2020-04-06;100.13;1.0801;2156526.53;2156843.0;24325.81;316.47;35.0
FCP HUGAU MONETERME;OPF;FCP1;FR0013368065;CM-CIC MONEPLUS IC2 FCP 3DEC;A;320.0;;;2020-04-07;106959.3;1.0;34226976.0;34226991.0;;;15.0
FCP HUGAU MONETERME;OBE;OBL;XS0894202968;URW 2,375%13-250221 EMTN;A;2000.0;2000000.0;EUR;2020-04-06;101.3;1.0;2031580.6;2031878.33;5580.6;297.73;35.0
FCP HUGAU MONETERME;OPF;FCP1;FR0000009987;UNION + (IC);A;200.0;;;2020-04-07;189907.63;1.0;37981526.0;37981541.0;;;15.0
FCP HUGAU MONETERME;OBE;OBL;XS0522407351;BAT INTL 4%10-070720 EMTN;A;1400.0;1400000.0;EUR;2020-04-07;100.75;1.0;1452882.51;1453093.44;42382.51;210.93;35.0
FCP HUGAU MONETERME;OBE;OBL;XS1831163396;INDUSTRIAL BANK TV18-140621;A;2300.0;2300000.0;EUR;2020-04-07;99.5;1.0;2288516.87;2288853.14;16.87;336.27;35.0
FCP HUGAU MONETERME;OBE;OBL;XS1040508167;IMPER.BRANDS FIN.14/21MTN;A;2000.0;2000000.0;EUR;2020-04-07;100.618;1.0;2017646.89;2017942.53;5286.89;295.64;35.0
FCP HUGAU MONETERME;OBE;OBL;XS1757442071;LEASEPLAN TV18-250121;A;2000.0;2000000.0;EUR;2020-04-06;98.3;1.0;1966468.67;1966756.63;468.67;287.96;35.0
FCP HUGAU MONETERME;OBE;OBL;XS1050547857;MORGAN STANLEY 2,375%14-0321;A;5000.0;5000000.0;EUR;2020-04-07;101.3;1.0;5067928.08;5068676.27;2928.08;748.19;60.0
FCP HUGAU MONETERME;OBE;OBL;XS1383510259;FCA BANK IR 1,25%16-230920;A;2256.0;2256000.0;EUR;2020-04-07;99.75;1.0;2265692.79;2266025.64;15332.79;332.85;35.0
FCP HUGAU MONETERME;OBE;OBL;XS0985874543;HEIDELBERGC LUX 3,25%13-1020;A;1400.0;1400000.0;EUR;2020-04-06;101.2;1.0;1437906.94;1437941.94;21106.94;35.0;35.0
FCP HUGAU MONETERME;OBE;OBL;XS1664643746;BAT CAPITAL TV17-160821 EMTN;A;2000.0;2000000.0;EUR;2020-04-07;98.77;1.0;1975657.11;1975946.45;257.11;289.34;35.0
FCP HUGAU MONETERME;OBF;OBL;FR0013241130;BPCE TV17-090322 EMTN;A;14.0;1400000.0;EUR;2020-04-06;98.44;1.0;1378837.83;1379037.65;677.83;199.82;35.0
FCP HUGAU MONETERME;OBE;OBL;XS1604200904;LEASEPLAN TV17-041120;A;2000.0;2000000.0;EUR;2020-04-07;99.225;1.0;1984958.61;1985249.34;458.61;290.73;35.0
FCP HUGAU MONETERME;OBE;OBL;IT0005087116;UNICREDIT TV15-030525;A;500.0;5000000.0;EUR;2020-04-08;99.98;1.0;5022193.34;5024341.34;23193.34;2148.0;60.0
FCP HUGAU MONETERME;OBE;OBL;XS1619284372;MYLAN TV17-240520;A;2000.0;2000000.0;EUR;2020-04-08;99.85;1.0;1997250.0;1997285.0;250.0;35.0;35.0
FCP HUGAU MONETERME;OBE;OBL;XS0563742138;ICBC (ASIA) 5,125%10-301120 1;A;1000.0;1000000.0;USD;2020-04-07;101.718;1.0879;951874.79;952010.57;16880.76;135.78;35.0
FCP HUGAU MONETERME;OBE;OBL;FR0013241130;BPCE TV17-090322 EMTN;A;10.0;1000000.0;EUR;2020-04-08;98.9;1.0;989581.0;989722.43;581.0;141.43;35.0
FCP HUGAU MONETERME;OBE;OBL;IT0005087116;UNICREDIT TV15-030525;A;500.0;5000000.0;EUR;2020-04-08;99.98;1.0;5022193.34;5024341.34;23193.34;2148.0;60.0
FCP HUGAU MONETERME;OBE;OBL;IT0005087116;UNICREDIT TV15-030525;A;500.0;5000000.0;EUR;2020-04-09;100.0;1.0;5023520.0;5023580.0;23520.0;60.0;60.0
FCP HUGAU MONETERME;OBE;OBL;US05946KAD37;BBVA 3%15-201020;A;2000.0;2000000.0;USD;2020-04-09;100.348;1.086;1874732.97;1875007.18;26703.5;274.21;35.0
FCP HUGAU MONETERME;OBF;OBL;FR0011703776;BUREAU VERITAS 3,125%14-210121;A;3.0;300000.0;EUR;2020-04-08;101.25;1.0;305901.64;305940.52;2151.64;38.88;35.0
FCP HUGAU MONETERME;OBE;OBL;US05946KAD37;BBVA 3%15-201020;A;1190.0;1190000.0;USD;2020-04-09;100.47;1.086;1116802.95;1116837.95;15888.58;35.0;35.0
FCP HUGAU MONETERME;OBE;OBL;IT0005087116;UNICREDIT TV15-030525;A;500.0;5000000.0;EUR;2020-04-08;99.98;1.0;5022193.34;5022253.34;23193.34;60.0;60.0
FCP HUGAU MONETERME;OBE;OBL;XS1382378690;BP CAPITAL MARKETS 3,161%16-21;A;2000.0;2000000.0;USD;2020-04-09;101.16;1.086;1867349.45;1867384.45;4366.02;35.0;35.0
FCP HUGAU MONETERME;OBF;TCN;FR0126134206;CGP    NCP07052020;A;10000000.0;10000000.0;EUR;2020-04-08;0.99961126;1.0;9996112.6;9996137.6;;25.0;25.0
FCP HUGAU MONETERME;OBE;OBL;XS1382378690;BP CAPITAL MARKETS 3,161%16-21;A;2000.0;2000000.0;USD;2020-04-08;100.97;1.0873;1861460.4;1861732.62;4199.29;272.22;35.0
FCP HUGAU MONETERME;OBE;OBL;XS0554819465;URW 3,875%10-051120 EMTN;A;2100.0;2100000.0;EUR;2020-04-14;101.85;1.0;2175090.78;2175410.04;36240.78;319.26;35.0
FCP HUGAU MONETERME;OBE;OBL;XS1594368539;BBVA 17/22 FLR MTN;A;10.0;1000000.0;EUR;2020-04-14;98.695;1.0;986969.22;987110.26;19.22;141.04;35.0
FCP HUGAU MONETERME;OBE;OBL;XS0548803757;BFCM 4%10-22102020;A;40.0;2000000.0;EUR;2020-04-14;101.6;1.0;2070688.52;2070992.12;38688.52;303.6;35.0
FCP HUGAU MONETERME;OBE;OBL;XS1642546078;VOLKSWAGEN LEASING TV17-0721;A;20.0;2000000.0;EUR;2020-04-15;98.42;1.0;1968469.67;1968757.93;69.67;288.26;35.0
FCP HUGAU MONETERME;OBE;OBL;XS1383510259;FCA BANK IR 1,25%16-230920;A;1300.0;1300000.0;EUR;2020-04-15;99.998;1.0;1309164.57;1309199.57;9190.57;35.0;35.0
FCP HUGAU MONETERME;OBE;OBL;XS1511787407;MORGAN STANLEY 16/22FLRG;A;2000.0;2000000.0;EUR;2020-04-15;99.02;1.0;1981813.0;1982103.26;1413.0;290.26;35.0
FCP HUGAU MONETERME;OBE;OBL;XS1492457236;MYLAN 1,25%16-231120;A;2000.0;2000000.0;EUR;2020-04-15;100.15;1.0;2012972.68;2013267.62;9972.68;294.94;35.0
FCP HUGAU MONETERME;OBE;OBL;DE000DB7XJC7;DEUTSCHE BANK TV14-21 EMTN;A;20.0;2000000.0;EUR;2020-04-14;96.65;1.0;1933363.83;1933646.83;363.83;283.0;35.0
FCP HUGAU MONETERME;OPF;FCP1;FR0013368065;CM-CIC MONEPLUS IC2 FCP 3DEC;A;100.0;;;2020-04-17;106948.58;1.0;10694858.0;10694873.0;;;15.0
FCP HUGAU MONETERME;OPF;FCP1;FR0000009987;UNION + (IC);A;41.0;;;2020-04-17;189889.49;1.0;7785469.09;7785484.09;;;15.0
FCP HUGAU MONETERME;OBE;OBL;FR0013241130;BPCE TV17-090322 EMTN;A;20.0;2000000.0;EUR;2020-04-16;99.5;1.0;1991355.67;1991647.36;1355.67;291.69;35.0
FCP HUGAU MONETERME;OBE;OBL;FR0011912872;INGENICO 2,5%14-200521;A;10.0;1000000.0;EUR;2020-04-20;101.1;1.0;1034087.43;1034235.54;23087.43;148.11;35.0
FCP HUGAU MONETERME;OBF;TCN;FR0126134602;CGP    NCP PRE-CPTE   30042020;A;10000000.0;10000000.0;EUR;2020-04-20;0.99988751;1.0;9998875.1;9998900.1;;25.0;25.0
FCP HUGAU MONETERME;OPF;FCP1;FR0000009987;UNION + (IC);V;25.0;;;2020-04-20;189885.28;1.0;4747132.0;4747117.0;;;15.0
FCP HUGAU MONETERME;OPF;FCP1;FR0013368065;CM-CIC MONEPLUS IC2 FCP 3DEC;V;50.0;;;2020-04-20;106946.06;1.0;5347303.0;5347288.0;;;15.0
FCP HUGAU MONETERME;OBE;OBL;FR0010327007;COFIROUTE 5%06-240521;A;10.0;500000.0;EUR;2020-04-20;104.469;1.0;545159.21;545233.98;22814.21;74.77;35.0
FCP HUGAU MONETERME;OBE;OBL;FR0013482809;LVMH TV20-110222;A;10.0;1000000.0;EUR;2020-04-21;99.087;1.0;990870.0;991011.62;;141.62;35.0
FCP HUGAU MONETERME;OBE;OBL;XS0618847775;UNICREDIT 6,125%11-190421 EMTN;A;1000.0;1000000.0;EUR;2020-04-21;102.47;1.0;1025371.23;1025518.03;671.23;146.8;35.0
FCP HUGAU MONETERME;OBE;OBL;IT0005056541;ITALIE TV14-151220;A;15000.0;15000000.0;EUR;2020-04-21;100.03;1.0;15029416.67;15029476.67;24916.67;60.0;60.0
FCP HUGAU MONETERME;OPF;FCP1;FR0000009987;UNION + (IC);V;24.0;;;2020-04-22;189881.9;1.0;4557165.6;4557150.6;;;15.0
FCP HUGAU MONETERME;OBF;OBL;FR0011731876;ACCOR 2,625%14-050221;A;11.0;1100000.0;EUR;2020-04-20;99.8;1.0;1103874.8;1104033.38;6074.8;158.58;35.0
FCP HUGAU MONETERME;OPF;FCP1;FR0013368065;CM-CIC MONEPLUS IC2 FCP 3DEC;V;27.0;;;2020-04-23;106943.54;1.0;2887475.58;2887460.58;;;15.0
FCP HUGAU MONETERME;OPF;FCP1;FR0000009987;UNION + (IC);A;22.0;;;2020-04-24;189879.11;1.0;4177340.42;4177355.42;;;15.0
FCP HUGAU MONETERME;OPF;FCP1;FR0000009987;UNION + (IC);V;15.0;;;2020-04-27;189872.4;1.0;2848086.0;2848071.0;;;15.0
FCP HUGAU MONETERME;OBE;OBL;IT0005056541;ITALIE TV14-151220;V;9000.0;9000000.0;EUR;2020-04-28;100.09;1.0;9023855.0;9022513.42;15755.0;1341.58;60.0
FCP HUGAU MONETERME;OPF;FCP1;FR0000009987;UNION + (IC);V;17.0;;;2020-04-29;189876.9;1.0;3227907.3;3227892.3;;;15.0
FCP HUGAU MONETERME;OPF;FCP1;FR0000009987;UNION + (IC);A;30.0;;;2020-05-07;189863.37;1.0;5695901.1;5695916.1;;;15.0
FCP HUGAU MONETERME;OPF;FCP1;FR0013368065;CM-CIC MONEPLUS IC2 FCP 3DEC;A;80.0;;;2020-05-07;106934.79;1.0;8554783.2;8554798.2;;;15.0
FCP HUGAU MONETERME;OPF;FCP1;FR0013368065;CM-CIC MONEPLUS IC2 FCP 3DEC;V;20.0;;;2020-05-11;106929.71;1.0;2138594.2;2138579.2;;;15.0
FCP HUGAU MONETERME;OPF;FCP1;FR0013368065;CM-CIC MONEPLUS IC2 FCP 3DEC;V;23.0;;;2020-05-12;106928.62;1.0;2459358.26;2459343.26;;;15.0
FCP HUGAU MONETERME;OPF;FCP1;FR0013368065;CM-CIC MONEPLUS IC2 FCP 3DEC;V;36.0;;;2020-05-13;106927.35;1.0;3849384.6;3849369.6;;;15.0
FCP HUGAU MONETERME;OPF;FCP1;FR0000009987;UNION + (IC);V;9.0;;;2020-05-14;189847.59;1.0;1708628.31;1708613.31;;;15.0
FCP HUGAU MONETERME;OPF;FCP1;FR0000009987;UNION + (IC);V;22.0;;;2020-05-15;189845.34;1.0;4176597.48;4176582.48;;;15.0
FCP HUGAU MONETERME;OPF;FCP1;FR0013368065;CM-CIC MONEPLUS IC2 FCP 3DEC;V;33.0;;;2020-05-18;106922.19;1.0;3528432.27;3528417.27;;;15.0
FCP HUGAU MONETERME;OBE;OBL;IT0005056541;ITALIE TV14-151220;V;6000.0;6000000.0;EUR;2020-05-18;100.231;1.0;6025896.67;6025004.79;12036.67;891.88;60.0
FCP HUGAU MONETERME;OPF;FCP1;FR0000009987;UNION + (IC);V;23.0;;;2020-05-22;189831.22;1.0;4366118.06;4366103.06;;;15.0
FCP HUGAU MONETERME;OPF;FCP1;FR0013368065;CM-CIC MONEPLUS IC2 FCP 3DEC;A;76.0;;;2020-05-25;106914.93;1.0;8125534.68;8125549.68;;;15.0
FCP HUGAU MONETERME;OPF;FCP1;FR0000009987;UNION + (IC);A;40.0;;;2020-05-25;189825.35;1.0;7593014.0;7593029.0;;;15.0
FCP HUGAU MONETERME;OPF;FCP1;FR0013368065;CM-CIC MONEPLUS IC2 FCP 3DEC;V;94.0;;;2020-05-26;106913.67;1.0;10049884.98;10049869.98;;;15.0
FCP HUGAU MONETERME;OBE;OBL;XS1622630132;ALLERGAN FUND 0,5%17-010621 4Y;A;3152.0;3152000.0;EUR;2020-05-25;99.858;1.0;3163068.86;3163535.4;15544.7;466.54;39.53
FCP HUGAU MONETERME;OPF;FCP1;FR0000009987;UNION + (IC);V;22.0;;;2020-05-28;189818.63;1.0;4176009.86;4175994.86;;;15.0
FCP HUGAU MONETERME;OPF;FCP1;FR0013368065;CM-CIC MONEPLUS IC2 FCP 3DEC;A;110.0;;;2020-05-29;106909.88;1.0;11760086.8;11760101.8;;;15.0
FCP HUGAU MONETERME;OPF;FCP1;FR0000009987;UNION + (IC);A;51.0;;;2020-05-29;189816.38;1.0;9680635.38;9680650.38;;;15.0
FCP HUGAU MONETERME;OBE;OBL;FR0013444841;SG TV19-060921;V;50.0;5000000.0;EUR;2020-06-02;100.154;1.0;5009975.0;5009235.51;2275.0;739.49;60.0
FCP HUGAU MONETERME;OPF;FCP1;FR0000009987;UNION + (IC);V;7.0;;;2020-06-03;189807.58;1.0;1328653.06;1328638.06;;;15.0
FCP HUGAU MONETERME;OPF;FCP1;FR0013368065;CM-CIC MONEPLUS IC2 FCP 3DEC;V;13.0;;;2020-06-03;106905.3;1.0;1389768.9;1389753.9;;;15.0
FCP HUGAU MONETERME;OBE;OBL;XS1050547857;MORGAN STANLEY 2,375%14-0321;A;5000.0;5000000.0;EUR;2020-06-02;101.821;1.0;5112197.26;5112952.08;21147.26;754.82;60.0
FCP HUGAU MONETERME;OBE;OBL;XS0429325748;BARCLAYS BK 10%09-210521 EMTN;A;2500.0;2500000.0;GBP;2020-06-02;107.214;0.8891;3025462.87;3025909.11;10785.11;446.24;37.81
FCP HUGAU MONETERME;OBE;OBL;FR0013444841;SG TV19-060921;A;50.0;5000000.0;EUR;2020-06-02;100.154;1.0;5009975.0;5010714.49;2275.0;739.49;60.0
FCP HUGAU MONETERME;OBE;OBL;XS0429325748;BARCLAYS BK 10%09-210521 EMTN;A;2000.0;2000000.0;GBP;2020-06-02;107.1;0.8891;2417805.9;2418161.56;8628.08;355.66;35.0
FCP HUGAU MONETERME;OBE;OBL;XS1050547857;MORGAN STANLEY 2,375%14-0321;V;5000.0;5000000.0;EUR;2020-06-02;101.821;1.0;5112197.26;5111442.44;21147.26;754.82;60.0
FCP HUGAU MONETERME;OBF;OBL;FR0011993120;NEOPOST 2,50%14-230621;A;1.0;100000.0;EUR;2020-06-03;100.25;1.0;102627.05;102662.05;2377.05;35.0;35.0
FCP HUGAU MONETERME;OBF;OBL;FR0011993120;NEOPOST 2,50%14-230621;A;124.0;12400000.0;EUR;2020-06-03;101.385;1.0;12866494.1;12866554.1;294754.1;60.0;60.0
FCP HUGAU MONETERME;OPF;FCP1;FR0000009987;UNION + (IC);V;52.0;;;2020-06-04;189805.33;1.0;9869877.16;9869862.16;;;15.0
FCP HUGAU MONETERME;OBE;OBL;XS1622630132;ALLERGAN FUND 0,5%17-010621 4Y;A;1500.0;1500000.0;EUR;2020-06-05;99.75;1.0;1496414.38;1496631.84;164.38;217.46;35.0
FCP HUGAU MONETERME;OBE;OBL;XS1622630132;ALLERGAN FUND 0,5%17-010621 4Y;A;2800.0;2800000.0;EUR;2020-06-04;99.834;1.0;2795620.49;2796032.83;268.49;412.34;35.0
FCP HUGAU MONETERME;OPF;FCP1;FR0000009987;UNION + (IC);A;60.0;;;2020-06-05;189803.5;1.0;11388210.0;11388225.0;;;15.0
FCP HUGAU MONETERME;OBE;OBL;DE000DB5DCW6;DBK 5%10-240620 SUBORDIDANTED;A;157.0;7850000.0;EUR;2020-06-05;100.164;1.0;8239287.93;8240511.82;376413.93;1223.89;60.0
FCP HUGAU MONETERME;OPF;FCP1;FR0013368065;CM-CIC MONEPLUS IC2 FCP 3DEC;V;3.0;;;2020-06-08;106900.95;1.0;320702.85;320687.85;;;15.0
FCP HUGAU MONETERME;OBE;OBL;DE000DB5DCW6;DBK 5%10-240620 SUBORDIDANTED;V;157.0;7850000.0;EUR;2020-06-05;100.164;1.0;8239287.93;8238064.04;376413.93;1223.89;60.0
FCP HUGAU MONETERME;OBE;OBL;XS2013531228;NATWEST MKTS TV19-180621;V;15000.0;15000000.0;EUR;2020-06-05;100.127;1.0;15029770.83;15027622.83;10720.83;2148.0;60.0
FCP HUGAU MONETERME;OBF;TCN;FR0126281700;CGP    NCP19062020;A;15000000.0;15000000.0;EUR;2020-06-09;0.99990001;1.0;14998500.15;14998525.15;;25.0;25.0
FCP HUGAU MONETERME;OPF;FCP1;FR0000009987;UNION + (IC);V;37.0;;;2020-06-10;189794.84;1.0;7022409.08;7022394.08;;;15.0
FCP HUGAU MONETERME;OBE;OBL;XS1622630132;ALLERGAN FUND 0,5%17-010621 4Y;A;5000.0;5000000.0;EUR;2020-06-11;99.8;1.0;4990958.9;4991695.53;958.9;736.63;60.0
FCP HUGAU MONETERME;OBE;OBL;XS1586146851;SOCIETE GENERALE TV17-010422;A;10.0;1000000.0;EUR;2020-06-15;100.068;1.0;1001743.03;1001886.28;1063.03;143.25;35.0
FCP HUGAU MONETERME;OBF;TCN;FR0126289513;FINANC NCP PRE-CPTE   18092020;A;10000000.0;10000000.0;EUR;2020-06-17;0.9992084;1.0;9992084.0;9992109.0;;25.0;25.0
FCP HUGAU MONETERME;OPF;FCP1;FR0013368065;CM-CIC MONEPLUS IC2 FCP 3DEC;V;75.0;;;2020-06-18;106895.03;1.0;8017127.25;8017112.25;;;15.0
FCP HUGAU MONETERME;OPF;FCP1;FR0000009987;UNION + (IC);A;32.0;;;2020-06-19;189781.22;1.0;6072999.04;6073014.04;;;15.0
FCP HUGAU MONETERME;OPF;FCP1;FR0013368065;CM-CIC MONEPLUS IC2 FCP 3DEC;A;85.0;;;2020-06-19;106895.15;1.0;9086087.75;9086102.75;;;15.0
FCP HUGAU MONETERME;OBF;OBL;FR0012872174;BOLLORE 2,875%15-290721;A;69.0;6900000.0;EUR;2020-06-25;101.345;1.0;7174919.75;7175983.98;182114.75;1064.23;60.0
FCP HUGAU MONETERME;OBE;OBL;XS0894202968;URW 2,375%13-250221 EMTN;A;700.0;700000.0;EUR;2020-06-25;101.32;1.0;714917.94;715018.17;5677.94;100.23;35.0
FCP HUGAU MONETERME;OBE;OBL;XS1757442071;LEASEPLAN TV18-250121;A;2000.0;2000000.0;EUR;2020-06-25;99.57;1.0;1992586.5;1992878.38;1186.5;291.88;35.0
FCP HUGAU MONETERME;OBE;OBL;FR0013521960;EIFFAGE 1,625%20-140127;A;17.0;1700000.0;EUR;2020-06-24;98.933;1.0;1681861.0;1684009.0;;2148.0;60.0
FCP HUGAU MONETERME;OBE;OBL;XS1586146851;SOCIETE GENERALE TV17-010422;A;30.0;3000000.0;EUR;2020-06-26;100.178;1.0;3009067.5;3009511.33;3727.5;443.83;37.61
FCP HUGAU MONETERME;OBF;OBL;FR0012872174;BOLLORE 2,875%15-290721;A;69.0;6900000.0;EUR;2020-06-25;101.345;1.0;7174919.75;7174979.75;182114.75;60.0;60.0
FCP HUGAU MONETERME;OBF;OBL;FR0012872174;BOLLORE 2,875%15-290721;A;5.0;500000.0;EUR;2020-06-25;101.42;1.0;520296.72;520367.76;13196.72;71.04;35.0
FCP HUGAU MONETERME;OBE;OBL;XS1511787407;MORGAN STANLEY 16/22FLRG;A;2000.0;2000000.0;EUR;2020-06-29;100.141;1.0;2004766.39;2005060.1;1946.39;293.71;35.0
FCP HUGAU MONETERME;OBF;TCN;FR0126230335;BELLON NCP PRE-CPTE   30092020;A;10000000.0;10000000.0;EUR;2020-06-29;0.99951468;1.0;9995146.8;9995171.8;;25.0;25.0
FCP HUGAU MONETERME;OBE;OBL;PTGALJOE0008;GALP ENERGIA 3%14-140121 EMTN;A;20.0;2000000.0;EUR;2020-06-29;101.358;1.0;2054864.92;2055166.14;27704.92;301.22;35.0
FCP HUGAU MONETERME;OBE;OBL;XS1040508167;IMPER.BRANDS FIN.14/21MTN;A;1000.0;1000000.0;EUR;2020-06-29;100.752;1.0;1015265.9;1015411.18;7745.9;145.28;35.0
FCP HUGAU MONETERME;OBE;OBL;CH0419042525;SULZER 0,25%18-060720;V;400.0;2000000.0;CHF;2020-06-30;99.9915;1.0657;1881180.86;1880582.9;4639.62;597.96;35.0
FCP HUGAU MONETERME;OBE;OBL;CH0419042525;SULZER 0,25%18-060720;V;220.0;1100000.0;CHF;2020-06-30;99.99227;1.0657;1034657.42;1034199.59;2551.79;457.83;35.0
FCP HUGAU MONETERME;OBE;OBL;XS1558013014;IMP BRND FIN 0,5%17-270721;A;800.0;800000.0;EUR;2020-07-01;99.789;1.0;802049.7;802084.7;3737.7;35.0;35.0
FCP HUGAU MONETERME;OBF;TCN;FR0126282641;CGP    NCP30092020;A;10000000.0;10000000.0;EUR;2020-06-30;0.99848563;1.0;9984856.3;9984881.3;;25.0;25.0
FCP HUGAU MONETERME;OBE;OBL;XS1558013014;IMP BRND FIN 0,5%17-270721;A;800.0;800000.0;EUR;2020-07-01;99.789;1.0;802049.7;802163.0;3737.7;113.3;35.0
FCP HUGAU MONETERME;OBE;OBL;PTGALJOE0008;GALP ENERGIA 3%14-140121 EMTN;V;20.0;2000000.0;EUR;2020-07-01;102.6216393;1.0;2052432.79;2052131.93;;300.86;35.0
FCP HUGAU MONETERME;OPF;FCP1;FR0013368065;CM-CIC MONEPLUS IC2 FCP 3DEC;V;27.0;;;2020-07-01;106890.71;1.0;2886049.17;2886034.17;;;15.0
FCP HUGAU MONETERME;OPF;FCP1;FR0000009987;UNION + (IC);V;13.0;;;2020-07-01;189765.28;1.0;2466948.64;2466933.64;;;15.0
FCP HUGAU MONETERME;OBE;OBL;PTGALJOE0008;GALP ENERGIA 3%14-140121 EMTN;V;20.0;2000000.0;EUR;2020-07-01;101.22;1.0;2052432.78;2052397.78;28032.78;35.0;35.0
FCP HUGAU MONETERME;OBE;OBL;XS1586146851;SOCIETE GENERALE TV17-010422;A;100.0;10000000.0;EUR;2020-07-02;100.25;1.0;10025606.94;10027098.78;606.94;1491.84;60.0
FCP HUGAU MONETERME;OBF;TCN;FR0126282930;CGP    NCP03082020;A;10000000.0;10000000.0;EUR;2020-07-02;0.9996125;1.0;9996125.0;9996150.0;;25.0;25.0
FCP HUGAU MONETERME;OBF;OBL;FR0012872174;BOLLORE 2,875%15-290721;A;3.0;300000.0;EUR;2020-07-03;101.3;1.0;312006.56;312046.36;8106.56;39.8;35.0
FCP HUGAU MONETERME;OBE;OBL;XS1048568452;FIAT CHRYSLER 4,75%14-220321;A;2000.0;2000000.0;EUR;2020-07-03;102.197;1.0;2071789.32;2072093.08;27849.32;303.76;35.0
FCP HUGAU MONETERME;OPF;FCP1;FR0000009987;UNION + (IC);V;25.0;;;2020-07-03;189765.87;1.0;4744146.75;4744131.75;;;15.0
FCP HUGAU MONETERME;OPF;FCP1;FR0000009987;UNION + (IC);A;47.0;;;2020-07-06;189762.83;1.0;8918853.01;8918868.01;;;15.0
FCP HUGAU MONETERME;OPF;FCP1;FR0013368065;CM-CIC MONEPLUS IC2 FCP 3DEC;A;40.0;;;2020-07-06;106888.88;1.0;4275555.2;4275570.2;;;15.0
FCP HUGAU MONETERME;OBF;TCN;FR0126110198;NEXITY NCP07092020;A;10000000.0;10000000.0;EUR;2020-07-03;0.99956963;1.0;9995696.3;9995721.3;;25.0;25.0
FCP HUGAU MONETERME;OBF;OBL;FR0011560986;ORANO 3,25%13-040920 EMTN;A;16.0;1600000.0;EUR;2020-07-03;100.42;1.0;1650337.49;1650578.04;43617.49;240.55;35.0
FCP HUGAU MONETERME;OBF;TCN;FR0126339920;BOLLOR NCP PRE-CPTE   07082020;A;15000000.0;15000000.0;EUR;2020-07-06;0.9999225;1.0;14998837.5;14998862.5;;25.0;25.0
FCP HUGAU MONETERME;OBE;OBL;XS1622630132;ALLERGAN FUND 0,5%17-010621 4Y;A;5000.0;5000000.0;EUR;2020-07-07;99.776;1.0;4991402.74;4992139.44;2602.74;736.7;60.0
FCP HUGAU MONETERME;OPF;FCP1;FR0000009987;UNION + (IC);A;2.0;;;2020-07-08;189760.32;1.0;379520.64;379535.64;;;15.0
FCP HUGAU MONETERME;OPF;FCP1;FR0013368065;CM-CIC MONEPLUS IC2 FCP 3DEC;A;6.0;;;2020-07-08;106888.78;1.0;641332.68;641347.68;;;15.0
FCP HUGAU MONETERME;OPF;FCP1;FR0013368065;CM-CIC MONEPLUS IC2 FCP 3DEC;V;14.0;;;2020-07-09;106887.81;1.0;1496429.34;1496414.34;;;15.0
FCP HUGAU MONETERME;OPF;FCP1;FR0000009987;UNION + (IC);V;8.0;;;2020-07-09;189758.27;1.0;1518066.16;1518051.16;;;15.0
FCP HUGAU MONETERME;OBE;OBL;XS1300465926;CAMPARI 2,75%15-300920;A;1677.0;1677000.0;EUR;2020-07-09;100.3;1.0;1718194.16;1718444.88;36163.16;250.72;35.0
FCP HUGAU MONETERME;OBF;TCN;FR0126283300;ITMENT NCP11012021;A;20000000.0;20000000.0;EUR;2020-07-09;0.99899892;1.0;19979978.4;19980003.4;;25.0;25.0
FCP HUGAU MONETERME;OBE;OBL;XS0563742138;ICBC (ASIA) 5,125%10-301120 1;A;6977.0;6977000.0;USD;2020-07-10;101.54;1.1294;6311447.64;6312382.36;38695.91;934.72;60.0
FCP HUGAU MONETERME;OBE;OBL;XS1038646078;GAZ CAPITAL 3,6%14-260221;A;4000.0;4000000.0;EUR;2020-07-15;102.0;1.0;4135868.85;4136478.88;55868.85;610.03;51.69
FCP HUGAU MONETERME;OBE;OBL;FR0013260486;RCI BANQUE TV17-140322;A;2000.0;2000000.0;EUR;2020-07-17;98.17;1.0;1964024.0;1964311.6;624.0;287.6;35.0
FCP HUGAU MONETERME;OBE;OBL;XS0544654162;NORDEA BANK 4%10-290321 EMTN;A;4300.0;4300000.0;EUR;2020-07-17;102.55;1.0;4463370.55;4464028.88;53720.55;658.33;55.79
FCP HUGAU MONETERME;OBE;OBL;XS1138358699;WALGREENS BOOTS 2,875%14-1120;A;5998.0;5998000.0;GBP;2020-07-17;100.48;0.9106;6744731.02;6745730.73;126248.26;999.71;60.0
FCP HUGAU MONETERME;OBF;TCN;FR0126375643;CGP    NCP27072020;A;10000000.0;10000000.0;EUR;2020-07-20;0.99993292;1.0;9999329.2;9999354.2;;25.0;25.0
FCP HUGAU MONETERME;OBE;OBL;USN84413CJ59;SYNGENTA FIN 3,933%18-240421;A;2000.0;2000000.0;USD;2020-07-21;100.85;1.1438;1780421.84;1783856.06;17001.66;3434.22;35.0
FCP HUGAU MONETERME;OBE;OBL;USN84413CJ59;SYNGENTA FIN 3,933%18-240421;A;3000.0;3000000.0;USD;2020-07-21;100.84;1.1438;2670370.48;2675524.79;25502.49;5154.31;35.0
FCP HUGAU MONETERME;OBE;OBL;IT0004982200;UNICREDIT TV14-310321 STEP-UP;A;2500.0;2500000.0;EUR;2020-07-22;103.08;1.0;524108.33;524179.94;8708.33;71.61;35.0
FCP HUGAU MONETERME;OBE;OBL;USN84413CJ59;SYNGENTA FIN 3,933%18-240421;A;2500.0;2500000.0;USD;2020-07-21;100.84;1.1438;2225308.73;2229311.03;21252.08;4002.3;35.0
FCP HUGAU MONETERME;OBE;OBL;IT0005070401;UNICREDIT TV15-200322 1;A;250.0;2500000.0;EUR;2020-07-22;100.63;1.0;1008057.61;1008201.81;1757.61;144.2;35.0
FCP HUGAU MONETERME;OBE;OBL;IT0005118838;INTESA SAN. 15-22 FLR;A;306.0;306000.0;EUR;2020-07-22;101.00709;1.0;309472.86;309605.0;391.16;132.14;35.0
FCP HUGAU MONETERME;OBF;OBL;FR0011912872;INGENICO 2,5%14-200521;A;2.0;200000.0;EUR;2020-07-23;101.63;1.0;204191.51;204226.51;931.51;35.0;35.0
FCP HUGAU MONETERME;OBE;OBL;IT0005067027;UNICREDIT TV14-160222 10;A;20.0;200000.0;EUR;2020-07-22;100.49;1.0;80692.41;80751.53;300.41;59.12;35.0
FCP HUGAU MONETERME;OBE;OBL;IT0005118838;INTESA SAN. 15-22 FLR;A;7916.0;7916000.0;EUR;2020-07-23;101.065;1.0;8011688.61;8011748.61;11383.21;60.0;60.0
FCP HUGAU MONETERME;OBF;TCN;FR0126338187;IPSEN  NCP23102020;A;10000000.0;10000000.0;EUR;2020-07-22;0.99968065;1.0;9996806.5;9996831.5;;25.0;25.0
FCP HUGAU MONETERME;OBF;OBL;FR0011993120;QUADIENT 2,50%14-230621;A;5.0;500000.0;EUR;2020-07-24;101.0;1.0;506198.63;506267.55;1198.63;68.92;35.0
FCP HUGAU MONETERME;OBE;OBL;USN84413CJ59;SYNGENTA FIN 3,933%18-240421;A;3000.0;3000000.0;USD;2020-07-21;100.84;1.0;2672941.06;2678100.34;25527.04;5159.28;35.0
FCP HUGAU MONETERME;OBE;OBL;USN84413CJ59;SYNGENTA FIN 3,933%18-240421;A;2000.0;2000000.0;USD;2020-07-21;100.85;1.0;1782915.86;1786354.89;17025.48;3439.03;35.0
FCP HUGAU MONETERME;OBE;OBL;USN84413CJ59;SYNGENTA FIN 3,933%18-240421;A;2500.0;2500000.0;USD;2020-07-21;100.84;1.0;2226671.45;2230676.18;21265.09;4004.73;35.0
FCP HUGAU MONETERME;OBE;OBL;IT0005118838;INTESA SAN. 15-22 FLR;A;983.0;983000.0;EUR;2020-07-23;101.27378;1.0;996934.81;997376.0;1413.55;441.19;35.0
FCP HUGAU MONETERME;OBE;OBL;XS0618847775;UNICREDIT 6,125%11-190421 EMTN;A;200.0;200000.0;EUR;2020-07-23;103.73;1.0;210782.6;210879.84;3322.6;97.24;35.0
FCP HUGAU MONETERME;OBE;OBL;IT0005118838;INTESA SAN. 15-22 FLR;A;222.0;222000.0;EUR;2020-07-24;101.21968;1.0;225038.76;225141.17;331.07;102.41;35.0
FCP HUGAU MONETERME;OBE;OBL;XS0618847775;UNICREDIT 6,125%11-190421 EMTN;A;700.0;700000.0;EUR;2020-07-24;103.74429;1.0;737956.61;738278.17;11746.58;321.56;35.0
FCP HUGAU MONETERME;OBE;OBL;XS0954674825;ENEL 7,75%13-100975;A;7704.0;7704000.0;GBP;2020-07-27;100.8;0.9111;9101685.45;9103833.45;578326.87;2148.0;60.0
FCP HUGAU MONETERME;OBE;OBL;US40429CGD83;HSBC FINANCE 10/21;A;395.0;395000.0;USD;2020-07-28;102.343;1.1738;345334.48;345379.27;936.07;44.79;35.0
FCP HUGAU MONETERME;OBE;OBL;USN84413CJ59;SYNGENTA FIN 3,933%18-240421;A;200.0;200000.0;USD;2020-07-28;100.93;1.1738;173758.39;173793.39;1787.02;35.0;35.0
FCP HUGAU MONETERME;OBF;OBL;FR0010941690;ORANO3.50%MAR21 EMTN;A;18.0;900000.0;EUR;2020-07-28;101.94;1.0;928679.18;928811.48;11219.18;132.3;35.0
FCP HUGAU MONETERME;OBE;OBL;US40429CGD83;HSBC FINANCE 10/21;A;1000.0;1000000.0;USD;2020-07-28;102.521;1.1738;875780.94;875905.3;2369.8;124.36;35.0
FCP HUGAU MONETERME;OBE;OBL;USN84413CJ59;SYNGENTA FIN 3,933%18-240421;A;500.0;500000.0;USD;2020-07-28;101.55;1.1738;437036.97;437095.51;4467.54;58.54;35.0
FCP HUGAU MONETERME;OBE;OBL;US87938WAP86;TELEFONICA EM. 2021;V;2950.0;2950000.0;USD;2020-07-28;102.66;1.1738;2642590.91;2642201.53;62534.68;389.38;35.0
FCP HUGAU MONETERME;OBE;OBL;XS0324964666;HBOS 5,374%07-300621 SUB.MTN;A;5.0;500000.0;EUR;2020-07-29;102.8;1.0;516239.17;517199.37;2239.17;960.2;35.0
FCP HUGAU MONETERME;OBE;OBL;US40429CGD83;HSBC FINANCE 10/21;A;1000.0;1000000.0;USD;2020-07-28;102.375;1.1738;874537.12;874572.12;2369.8;35.0;35.0
FCP HUGAU MONETERME;OBE;OBL;IT0005118838;INTESA SAN. 15-22 FLR;A;76.0;76000.0;EUR;2020-07-28;101.34184;1.0;77141.23;77199.33;121.43;58.1;35.0
FCP HUGAU MONETERME;OBE;OBL;DE000CB83CF0;COMMERZBANK 7,75%11-160321 774;A;13.0;1300000.0;EUR;2020-07-30;104.462;1.0;1396649.84;1396852.34;38643.84;202.5;35.0
FCP HUGAU MONETERME;OBF;TCN;FR0126338617;NEXITY NCP PRE-CPTE   01022021;A;10000000.0;10000000.0;EUR;2020-07-29;0.99881945;1.0;9988194.5;9988219.5;;25.0;25.0
FCP HUGAU MONETERME;OBE;OBL;DE000CB83CF0;COMMERZBANK 7,75%11-160321 774;A;38.0;3800000.0;EUR;2020-07-30;104.45;1.0;4082058.9;4082661.0;112958.9;602.1;51.02
FCP HUGAU MONETERME;OBE;OBL;DE000CB83CF0;COMMERZBANK 7,75%11-160321 774;A;13.0;1300000.0;EUR;2020-07-30;104.45;1.0;1396493.84;1396696.31;38643.84;202.47;35.0
FCP HUGAU MONETERME;OBE;OBL;XS1048568452;FIAT CHRYSLER 4,75%14-220321;A;1300.0;1300000.0;EUR;2020-07-30;102.6;1.0;1356469.86;1356666.32;22669.86;196.46;35.0
FCP HUGAU MONETERME;OBE;OBL;DE000CB83CF0;COMMERZBANK 7,75%11-160321 774;A;13.0;1300000.0;EUR;2020-07-30;104.45;1.0;1396493.84;1396528.84;38643.84;35.0;35.0
FCP HUGAU MONETERME;OBF;OBL;FR0011731876;ACCOR 2,625%14-050221;A;14.0;1400000.0;EUR;2020-07-30;101.0;1.0;1432073.78;1432281.58;18073.78;207.8;35.0
FCP HUGAU MONETERME;OBE;OBL;IT0005118838;INTESA SAN. 15-22 FLR;A;635.0;635000.0;EUR;2020-07-30;101.37962;1.0;644910.51;645193.36;1149.92;282.85;35.0
FCP HUGAU MONETERME;OBE;OBL;FR0011703776;BUREAU VERITAS 3,125%14-210121;A;5.0;500000.0;EUR;2020-07-31;101.26;1.0;514667.49;514737.69;8367.49;70.2;35.0
FCP HUGAU MONETERME;OBE;OBL;XS0429325748;BARCLAYS BK 10%09-210521 EMTN;A;4733.0;4733000.0;GBP;2020-08-03;107.05;0.9012;5731498.71;5732346.43;109354.35;847.72;60.0
FCP HUGAU MONETERME;OBE;OBL;USU07265AB47;BAYER US FIN II TV18-250621;V;1000.0;1000000.0;USD;2020-08-03;100.259;1.1726;855914.73;855879.73;900.23;35.0;35.0
FCP HUGAU MONETERME;OBE;OBL;USN84413CJ59;SYNGENTA FIN 3,933%18-240421;A;500.0;500000.0;USD;2020-08-03;101.571;1.1726;437806.69;437865.35;4705.03;58.66;35.0
FCP HUGAU MONETERME;OBE;OBL;XS1202846819;GLENCORE FINANCE 1,25%15-0321;V;1300.0;1300000.0;EUR;2020-08-03;100.355;1.0;1310892.4;1310857.4;6277.4;35.0;35.0
FCP HUGAU MONETERME;OBE;OBL;XS1202846819;GLENCORE FINANCE 1,25%15-0321;A;1300.0;1300000.0;EUR;2020-08-03;100.355;1.0;1310892.4;1310927.4;6277.4;35.0;35.0
FCP HUGAU MONETERME;OBF;TCN;FR0126338765;CGP    NCP PRE-CPTE   24082020;A;10000000.0;10000000.0;EUR;2020-08-03;0.99977255;1.0;9997725.5;9997750.5;;25.0;25.0
FCP HUGAU MONETERME;OBE;OBL;XS1558013014;IMP BRND FIN 0,5%17-270721;A;2000.0;2000000.0;EUR;2020-08-03;100.28;1.0;2005846.58;2006140.46;246.58;293.88;35.0
FCP HUGAU MONETERME;OBE;OBL;USU07265AB47;BAYER US FIN II TV18-250621;V;560.0;560000.0;USD;2020-08-04;100.256;1.1771;477477.84;477413.22;514.45;64.62;35.0
FCP HUGAU MONETERME;OBE;OBL;USN84413CJ59;SYNGENTA FIN 3,933%18-240421;A;200.0;200000.0;USD;2020-08-03;101.397;1.1726;174825.9;174860.9;1882.01;35.0;35.0
FCP HUGAU MONETERME;OBE;OBL;IT0005118838;INTESA SAN. 15-22 FLR;A;377.0;377000.0;EUR;2020-08-03;101.2648;1.0;382491.16;382656.07;722.86;164.91;35.0
FCP HUGAU MONETERME;OBF;TCN;FR0126382763;VICAT  NCP07092020;A;10000000.0;10000000.0;EUR;2020-08-03;0.99987626;1.0;9998762.6;9998787.6;;25.0;25.0
FCP HUGAU MONETERME;OBE;OBL;IT0005118838;INTESA SAN. 15-22 FLR;A;130.0;130000.0;EUR;2020-08-04;101.35;1.0;132011.19;132085.71;256.19;74.52;35.0
FCP HUGAU MONETERME;OBE;OBL;USN84413CJ59;SYNGENTA FIN 3,933%18-240421;A;200.0;200000.0;USD;2020-08-03;101.397;1.1726;174825.9;174860.9;1882.01;35.0;35.0
FCP HUGAU MONETERME;OBE;OBL;USN84413CJ59;SYNGENTA FIN 3,933%18-240421;A;200.0;200000.0;USD;2020-08-03;101.504;1.1726;175008.4;175043.4;1882.01;35.0;35.0
FCP HUGAU MONETERME;OBE;OBL;IT0005070401;UNICREDIT TV15-200322 1;A;44.0;440000.0;EUR;2020-08-03;100.84341;1.0;177893.82;177982.06;409.42;88.24;35.0
FCP HUGAU MONETERME;OBE;OBL;IT0004982200;UNICREDIT TV14-310321 STEP-UP;A;525.0;525000.0;EUR;2020-08-04;103.11371;1.0;110290.65;110358.13;2021.25;67.48;35.0
FCP HUGAU MONETERME;OPF;FCP1;FR0013368065;CM-CIC MONEPLUS IC2 FCP 3DEC;A;20.0;;;2020-08-07;106880.65;1.0;2137613.0;2137628.0;;;15.0
FCP HUGAU MONETERME;OBF;TCN;FR0126415787;BOLLOR NCP09112020;A;15000000.0;15000000.0;EUR;2020-08-05;0.99969981;1.0;14995497.15;14995522.15;;25.0;25.0
FCP HUGAU MONETERME;OPF;FCP1;FR0000009987;UNION + (IC);A;12.0;;;2020-08-07;189737.65;1.0;2276851.8;2276866.8;;;15.0
FCP HUGAU MONETERME;OBE;OBL;XS1300465926;CAMPARI 2,75%15-300920;A;500.0;500000.0;EUR;2020-08-10;100.36;1.0;513709.15;513779.2;11909.15;70.05;35.0
FCP HUGAU MONETERME;OBE;OBL;XS1300465926;DAVIDE CAMPARI 2,75%15-300920;A;500.0;500000.0;EUR;2020-08-10;100.36;1.0;513709.15;513779.2;11909.15;70.05;35.0
FCP HUGAU MONETERME;OBE;OBL;XS1040508167;IMPER.BRANDS FIN.14/21MTN;A;3000.0;3000000.0;EUR;2020-08-12;100.679;1.0;3051722.46;3052172.57;31352.46;450.11;38.14
FCP HUGAU MONETERME;OBE;OBL;XS1492457236;MYLAN 1,25%16-231120;A;4000.0;4000000.0;EUR;2020-08-12;100.215;1.0;4044802.19;4045398.8;36202.19;596.61;50.56
FCP HUGAU MONETERME;OBE;OBL;DE000CB83CF0;COMMERZBANK 7,75%11-160321 774;A;20.0;2000000.0;EUR;2020-08-17;104.35;1.0;2153246.58;2153562.56;66246.58;315.98;35.0
FCP HUGAU MONETERME;OBE;OBL;XS1558013014;IMP BRND FIN 0,5%17-270721;A;2000.0;2000000.0;EUR;2020-08-17;100.32;1.0;2007030.14;2007324.18;630.14;294.04;35.0
FCP HUGAU MONETERME;OBE;OBL;USU07265AB47;BAYER US FIN II TV18-250621;V;600.0;600000.0;USD;2020-08-17;100.268;1.1849;508445.98;508376.72;717.06;69.26;35.0
FCP HUGAU MONETERME;OBE;OBL;XS0432830734;BARCLAYS 10,179%09-120621 REGS;A;1000.0;1000000.0;USD;2020-08-17;107.278;1.1849;921365.61;921496.81;15989.63;131.2;35.0
FCP HUGAU MONETERME;OBE;OBL;XS0618847775;UNICREDIT 6,125%11-190421 EMTN;A;1000.0;1000000.0;EUR;2020-08-17;103.6;1.0;1056472.6;1056624.06;20472.6;151.46;35.0
FCP HUGAU MONETERME;OBE;OBL;IT0005118838;INTESA SAN. 15-22 FLR;A;156.0;156000.0;EUR;2020-08-17;101.47853;1.0;158721.94;158804.43;415.43;82.49;35.0
FCP HUGAU MONETERME;OBE;OBL;XS1048568452;FIAT CHRYSLER 4,75%14-220321;A;2000.0;2000000.0;EUR;2020-08-18;102.57;1.0;2090441.1;2090747.66;39041.1;306.56;35.0
FCP HUGAU MONETERME;OBF;TCN;FR0126412982;CGP    NCP PRE-CPTE   31082020;A;10000000.0;10000000.0;EUR;2020-08-18;0.99985557;1.0;9998555.7;9998580.7;;25.0;25.0
FCP HUGAU MONETERME;OBE;OBL;CH0319416001;GLENCORE FINANCE 2,25%16-0521;A;6.0;30000.0;CHF;2020-08-18;101.45;1.0771;28430.51;28474.79;174.08;44.28;35.0
FCP HUGAU MONETERME;OBE;OBL;XS1048568452;FIAT CHRYSLER 4,75%14-220321;V;2000.0;2000000.0;EUR;2020-08-17;102.57;1.0;2090441.1;2090134.54;39041.1;306.56;35.0
FCP HUGAU MONETERME;OBF;OBL;FR0011921881;VILMORIN 2,375%14-260521;A;69.0;6900000.0;EUR;2020-08-19;100.115;1.0;6946995.62;6947055.62;39060.62;60.0;60.0
FCP HUGAU MONETERME;OBE;OBL;XS1048568452;FIAT CHRYSLER 4,75%14-220321;A;2000.0;2000000.0;EUR;2020-08-17;102.57;1.0;2090441.1;2090747.66;39041.1;306.56;35.0
FCP HUGAU MONETERME;OPF;FCP1;FR0000009987;UNION + (IC);V;4.5;;;2020-08-20;189739.34;1.0;853827.03;853812.03;;;15.0
FCP HUGAU MONETERME;OBE;OBL;CH0319416001;GLENCORE FINANCE 2,25%16-0521;A;20.0;100000.0;CHF;2020-08-20;101.48;1.0791;94643.68;94706.89;602.35;63.21;35.0
FCP HUGAU MONETERME;OBE;OBL;XS1985100509;QNB FINANCE TV19-020522;A;1200.0;1200000.0;USD;2020-08-20;100.27;1.184;1016989.61;1017135.15;739.61;145.54;35.0
FCP HUGAU MONETERME;OBE;OBL;XS1442084122;QNB FINANCE TV16-180721 97;A;5000.0;5000000.0;USD;2020-08-21;100.82;1.1802;4279112.65;4279743.81;7802.7;631.16;53.48
FCP HUGAU MONETERME;OBE;OBL;IT0005118838;INTESA SAN. 15-22 FLR;A;417.0;417000.0;EUR;2020-08-20;101.64043;1.0;425062.11;425246.01;1221.52;183.9;35.0
FCP HUGAU MONETERME;OBE;OBL;CH0253514753;BAT INTL FIN 0,625%14-080921;A;40.0;200000.0;CHF;2020-08-24;100.685;1.0763;188217.35;188252.35;1122.67;35.0;35.0
FCP HUGAU MONETERME;OBE;OBL;CH0319416001;GLENCORE FINANCE 2,25%16-0521;A;40.0;200000.0;CHF;2020-08-21;101.49;1.0756;189933.53;190025.14;1220.25;91.61;35.0
FCP HUGAU MONETERME;OBE;OBL;CH0320297895;DEUTSCHE BANK 0,75%16-050721;A;21.0;105000.0;CHF;2020-08-24;100.23476;1.0763;97889.12;97953.46;103.65;64.34;35.0
FCP HUGAU MONETERME;OBE;OBL;CH0253514753;BAT INTL FIN 0,625%14-080921;A;40.0;200000.0;CHF;2020-08-24;100.685;1.0763;188217.35;188252.35;1122.67;35.0;35.0
FCP HUGAU MONETERME;OBE;OBL;XS1048568452;FIAT CHRYSLER 4,75%14-220321;A;2000.0;2000000.0;EUR;2020-08-24;102.474;1.0;2090343.01;2090649.56;40863.01;306.55;35.0
FCP HUGAU MONETERME;OBF;OBL;FR0011731876;ACCOR 2,625%14-050221;A;24.0;2400000.0;EUR;2020-08-20;101.05;1.0;2459798.36;2460160.32;34598.36;361.96;35.0
FCP HUGAU MONETERME;OBE;OBL;IT0005118838;INTESA SAN. 15-22 FLR;A;226.0;226000.0;EUR;2020-08-24;101.64159;1.0;230396.1;230500.02;686.11;103.92;35.0
FCP HUGAU MONETERME;OBE;OBL;CH0255286707;BP CAPITAL MARKETS 0,75%14-21;A;10.0;50000.0;CHF;2020-08-24;100.99;1.0763;47233.77;47282.85;318.41;49.08;35.0
FCP HUGAU MONETERME;OBE;OBL;CH0253514753;BAT INTL FIN 0,625%14-080921;A;40.0;200000.0;CHF;2020-08-24;100.685;1.0763;188217.35;188308.48;1122.67;91.13;35.0
FCP HUGAU MONETERME;OBE;TCN;XS2225297196;ECP SYNGENTA FINANCE 0920;A;15000000.0;15000000.0;EUR;2020-08-25;99.9825864;1.0;14997387.96;14997442.96;;55.0;55.0
FCP HUGAU MONETERME;OPF;FCP1;FR0013368065;CM-CIC MONEPLUS IC2 FCP 3DEC;V;60.0;;;2020-08-25;106884.64;1.0;6413078.4;6413063.4;;;15.0
FCP HUGAU MONETERME;OBE;TCN;XS2225297196;ECP SYNGENTA FINANCE 0920;A;15000000.0;15000000.0;EUR;2020-08-25;99.9825864;1.0;14997387.96;14997442.96;;55.0;55.0
FCP HUGAU MONETERME;OBE;OBL;FR0011731876;ACCOR 2,625%14-050221;A;12.0;1200000.0;EUR;2020-08-25;101.02;1.0;1229797.38;1229974.84;17557.38;177.46;35.0
FCP HUGAU MONETERME;OBE;OBL;CH0253514753;BAT INTL FIN 0,625%14-080921;A;50.0;250000.0;CHF;2020-08-25;100.68;1.0763;235264.11;235299.11;1407.38;35.0;35.0
FCP HUGAU MONETERME;OBE;OBL;XS1985100509;QNB FINANCE TV19-020522;A;7200.0;7200000.0;USD;2020-08-26;100.33;1.1812;6120906.71;6121812.84;5295.46;906.13;60.0
FCP HUGAU MONETERME;OBE;OBL;FR0013250685;RCI BANQUE TV17-120421;A;2000.0;2000000.0;EUR;2020-08-26;99.752;1.0;1995581.78;1995874.11;541.78;292.33;35.0
FCP HUGAU MONETERME;OBE;OBL;IT0005118838;INTESA SAN. 15-22 FLR;A;1000.0;1000000.0;EUR;2020-08-25;101.74875;1.0;1020576.6;1021027.94;3089.1;451.34;35.0
FCP HUGAU MONETERME;OBE;OBL;IT0005070401;UNICREDIT TV15-200322 1;A;36.0;360000.0;EUR;2020-08-25;100.94333;1.0;145857.15;145935.76;498.75;78.61;35.0
FCP HUGAU MONETERME;OBE;OBL;USN84413CJ59;SYNGENTA FIN 3,933%18-240421;A;600.0;600000.0;USD;2020-08-26;101.33;1.1812;521595.16;521666.39;6881.31;71.23;35.0
FCP HUGAU MONETERME;OBE;OBL;CH0320297895;DEUTSCHE BANK 0,75%16-050721;A;1.0;5000.0;CHF;2020-08-26;100.31;1.0736;4676.81;4721.12;5.14;44.31;35.0
FCP HUGAU MONETERME;OBE;OBL;CH0320297895;DEUTSCHE BANK 0,75%16-050721;A;10.0;50000.0;CHF;2020-08-25;100.23;1.0755;46647.3;46696.27;50.37;48.97;35.0
FCP HUGAU MONETERME;OBE;OBL;CH0319416001;GLENCORE FINANCE 2,25%16-0521;A;100.0;500000.0;CHF;2020-08-27;101.539;1.0736;476092.12;476156.53;3201.84;64.41;35.0
FCP HUGAU MONETERME;OBE;OBL;FR0011731876;ACCOR 2,625%14-050221;A;28.0;2800000.0;EUR;2020-08-26;101.0;1.0;2869168.03;2869591.23;41168.03;423.2;35.86
FCP HUGAU MONETERME;OBF;OBL;FR0012872174;BOLLORE 2,875%15-290721;A;17.0;1700000.0;EUR;2020-08-27;101.5;1.0;1729918.84;1730171.32;4418.84;252.48;35.0
FCP HUGAU MONETERME;OBE;OBL;CH0320297895;DEUTSCHE BANK 0,75%16-050721;A;20.0;100000.0;CHF;2020-08-27;100.35;1.0739;93551.15;93614.19;106.7;63.04;35.0
FCP HUGAU MONETERME;OBE;OBL;CH0319416001;GLENCORE FINANCE 2,25%16-0521;A;60.0;300000.0;CHF;2020-08-27;101.563;1.0739;285642.52;285678.36;1920.57;35.84;35.0
FCP HUGAU MONETERME;OBE;OBL;IT0005118838;INTESA SAN. 15-22 FLR;A;202.0;202000.0;EUR;2020-08-26;101.7;1.0;206068.76;206165.39;634.76;96.63;35.0
FCP HUGAU MONETERME;OPF;FCP1;FR0000009987;UNION + (IC);V;50.0;;;2020-08-27;189733.81;1.0;9486690.5;9486675.5;;;15.0
FCP HUGAU MONETERME;OBE;OBL;XS0603409789;INTESA SANPAOLO 5,67%11-0321;A;100.0;5000000.0;GBP;2020-08-27;102.25;0.8955;5856550.64;5857417.11;147449.58;866.47;60.0
FCP HUGAU MONETERME;OBE;OBL;USU07265AB47;BAYER US FIN II TV18-250621;V;1000.0;1000000.0;USD;2020-08-28;100.2235;1.1906;843260.35;843140.87;1470.49;119.48;35.0
FCP HUGAU MONETERME;OBE;OBL;USU07265AB47;BAYER US FIN II TV18-250621;V;1000.0;1000000.0;USD;2020-08-28;100.2235;1.1806;850402.99;850282.43;1482.95;120.56;35.0
FCP HUGAU MONETERME;OBF;OBL;FR0012872174;BOLLORE 2,875%15-290721;A;10.0;1000000.0;EUR;2020-08-28;101.45;1.0;1017178.08;1017323.65;2678.08;145.57;35.0
FCP HUGAU MONETERME;OPF;FCP1;FR0013368065;CM-CIC MONEPLUS IC2 FCP 3DEC;V;225.0;;;2020-08-28;106881.94;1.0;24048436.5;24048421.5;;;15.0
FCP HUGAU MONETERME;OBE;OBL;XS1300465926;DAVIDE CAMPARI 2,75%15-300920;A;500.0;500000.0;EUR;2020-08-10;100.36;1.0;513709.15;513744.15;11909.15;35.0;35.0
FCP HUGAU MONETERME;OPF;FCP1;FR0013368065;CM-CIC MONEPLUS IC2 FCP 3DEC;A;81.0;;;2020-08-31;106879.5;1.0;8657239.5;8657254.5;;;15.0
FCP HUGAU MONETERME;OPF;FCP1;FR0013368065;CM-CIC MONEPLUS IC2 FCP 3DEC;A;110.0;;;2020-09-01;106878.21;1.0;11756603.1;11756618.1;;;15.0
FCP HUGAU MONETERME;OBE;OBL;US37045XBM74;GM FINANCIAL 16/21;A;6000.0;6000000.0;USD;2020-09-01;101.647;1.1986;5113649.26;5114404.3;25362.92;755.04;60.0
FCP HUGAU MONETERME;OBE;OBL;XS1300465926;DAVIDE CAMPARI 2,75%15-300920;A;800.0;800000.0;EUR;2020-08-31;100.14;1.0;821436.94;821553.14;20316.94;116.2;35.0
FCP HUGAU MONETERME;OBE;OBL;XS1300465926;DAVIDE CAMPARI 2,75%15-300920;A;800.0;800000.0;EUR;2020-08-31;100.14;1.0;821436.94;821553.14;20316.94;116.2;35.0
FCP HUGAU MONETERME;OPF;FCP1;FR0013368065;CM-CIC MONEPLUS IC2 FCP 3DEC;V;15.0;;;2020-09-02;106875.89;1.0;1603138.35;1603123.35;;;15.0
FCP HUGAU MONETERME;OBE;OBL;XS0618847775;UNICREDIT 6,125%11-190421 EMTN;A;2400.0;2400000.0;EUR;2020-09-04;103.45;1.0;2539989.04;2540363.03;57189.04;373.99;35.0
FCP HUGAU MONETERME;OPF;FCP1;FR0000009987;UNION + (IC);A;47.0;;;2020-09-04;189729.12;1.0;8917268.64;8917283.64;;;15.0
FCP HUGAU MONETERME;OBE;OBL;XS0618847775;UNICREDIT 6,125%11-190421 EMTN;A;200.0;200000.0;EUR;2020-09-04;103.41;1.0;211585.75;211620.75;4765.75;35.0;35.0
FCP HUGAU MONETERME;OPF;FCP1;FR0013368065;CM-CIC MONEPLUS IC2 FCP 3DEC;A;100.0;;;2020-09-04;106874.53;1.0;10687453.0;10687468.0;;;15.0
FCP HUGAU MONETERME;OBE;OBL;XS0619548216;ABN AMRO 6,375%11-270421;A;2612.0;2612000.0;EUR;2020-09-07;104.0;1.0;2778067.74;2778102.74;61587.74;35.0;35.0
FCP HUGAU MONETERME;OBE;TCN;XS2225297196;ECP SYNGENTA FINANCE 0920;A;5000000.0;5000000.0;EUR;2020-09-07;99.98891789;1.0;4999445.89;4999500.89;;55.0;55.0
FCP HUGAU MONETERME;OBE;OBL;XS0619548216;ABN AMRO 6,375%11-270421;A;3000.0;3000000.0;EUR;2020-09-07;104.0;1.0;3190736.3;3191206.92;70736.3;470.62;39.88
FCP HUGAU MONETERME;OBE;OBL;XS0619548216;ABN AMRO 6,375%11-270421;A;3000.0;3000000.0;EUR;2020-09-07;104.0;1.0;3190736.3;3191206.92;70736.3;470.62;39.88
FCP HUGAU MONETERME;OBF;TCN;FR0126413881;ITMENT NCP07122020;A;6000000.0;6000000.0;EUR;2020-09-07;0.99962514;1.0;5997750.84;5997775.84;;25.0;25.0
FCP HUGAU MONETERME;OBE;OBL;XS0619548216;ABN AMRO 6,375%11-270421;A;1455.0;1455000.0;EUR;2020-09-07;104.0;1.0;1547507.11;1547732.23;34307.11;225.12;35.0
FCP HUGAU MONETERME;OBE;OBL;XS0619548216;ABN AMRO 6,375%11-270421;A;1455.0;1455000.0;EUR;2020-09-07;104.0;1.0;1547507.11;1547732.23;34307.11;225.12;35.0
FCP HUGAU MONETERME;OBE;OBL;XS0618847775;UNICREDIT 6,125%11-190421 EMTN;A;1550.0;1550000.0;EUR;2020-09-10;103.333;1.0;1640156.71;1640395.72;38495.21;239.01;35.0
FCP HUGAU MONETERME;OBF;TCN;FR0126376963;BELLON NCP PRE-CPTE   20012021;A;10000000.0;10000000.0;EUR;2020-09-10;0.99970897;1.0;9997089.7;9997114.7;;25.0;25.0
FCP HUGAU MONETERME;OBF;TCN;FR0126437518;SOFIPR NCP PRE-CPTE   10122020;A;10000000.0;10000000.0;EUR;2020-09-09;0.99998736;1.0;9999873.6;9999898.6;;25.0;25.0
FCP HUGAU MONETERME;OBE;OBL;XS1300465926;DAVIDE CAMPARI 2,75%15-300920;A;800.0;800000.0;EUR;2020-08-31;100.14;1.0;821436.94;821553.14;20316.94;116.2;35.0
FCP HUGAU MONETERME;OBE;OBL;XS0619548216;ABN AMRO 6,375%11-270421;A;3000.0;3000000.0;EUR;2020-09-07;104.0;1.0;3190736.3;3191206.92;70736.3;470.62;39.88
FCP HUGAU MONETERME;OBE;OBL;XS0619548216;ABN AMRO 6,375%11-270421;A;1455.0;1455000.0;EUR;2020-09-07;104.0;1.0;1547507.11;1547732.23;34307.11;225.12;35.0
FCP HUGAU MONETERME;OBE;OBL;XS1609252645;GM FINANCIAL 17/21MTN FLR;A;3150.0;3150000.0;EUR;2020-09-15;99.825;1.0;3145172.45;3145636.36;684.95;463.91;39.31
FCP HUGAU MONETERME;OBE;OBL;XS0618847775;UNICREDIT 6,125%11-190421 EMTN;A;400.0;400000.0;EUR;2020-09-15;103.33;1.0;423455.62;423512.14;10135.62;56.52;35.0
FCP HUGAU MONETERME;OBE;OBL;USY3R559AN21;ICBCIL FINANCE 2,5%16-290921;A;3000.0;3000000.0;USD;2020-09-15;101.3;1.1874;2588849.59;2589230.91;29476.17;381.32;35.0
FCP HUGAU MONETERME;OBF;OBL;FR0011731876;ACCOR 2,625%14-050221;A;3.0;300000.0;EUR;2020-09-15;100.88;1.0;307481.19;307520.31;4841.19;39.12;35.0
FCP HUGAU MONETERME;OBF;TCN;FR0126438771;FINANC NCP18122020;A;10000000.0;10000000.0;EUR;2020-09-15;0.99946944;1.0;9994694.4;9994719.4;;25.0;25.0
FCP HUGAU MONETERME;OBF;OBL;FR0011993120;QUADIENT 2,50%14-230621;A;5.0;500000.0;EUR;2020-09-17;100.85;1.0;507332.19;507401.28;3082.19;69.09;35.0
FCP HUGAU MONETERME;OBE;OBL;IT0005118838;INTESA SAN. 15-22 FLR;A;156.0;156000.0;EUR;2020-09-17;101.73635;1.0;159398.34;159480.95;689.63;82.61;35.0
FCP HUGAU MONETERME;OPF;FCP1;FR0013368065;CM-CIC MONEPLUS IC2 FCP 3DEC;V;95.0;;;2020-09-18;106880.49;1.0;10153646.55;10153631.55;;;15.0
FCP HUGAU MONETERME;OBE;OBL;FR0012300820;APRR 1,125%14-150121 EMTN;V;15.0;1500000.0;EUR;2020-09-16;100.359;1.0;1516773.32;1516552.81;11388.32;220.51;35.0
FCP HUGAU MONETERME;OBE;OBL;XS0270347304;GOLDM.S.GRP 06/21;A;285.0;285000.0;EUR;2020-09-18;104.9;1.0;311762.75;311797.75;12797.75;35.0;35.0
FCP HUGAU MONETERME;OBE;OBL;CH0320297895;DEUTSCHE BANK 0,75%16-050721;A;7.0;35000.0;CHF;2020-09-21;100.38;1.0769;32677.02;32721.81;52.82;44.79;35.0
FCP HUGAU MONETERME;OBE;OBL;CH0367206734;LONZA SWISS 0,2%17-120721;A;281.0;1405000.0;CHF;2020-09-21;100.3;1.0772;1308734.86;1308924.17;514.47;189.31;35.0
FCP HUGAU MONETERME;OBE;OBL;CH0249899110;BOBST GRP 1,5%14-300920;V;60.0;300000.0;CHF;2020-09-21;100.02;1.0769;282730.52;282695.11;4097.41;35.41;35.0
FCP HUGAU MONETERME;OBE;OBL;XS0270347304;GOLDM.S.GRP 06/21;A;3494.0;3494000.0;EUR;2020-09-18;104.95;1.0;3823848.87;3824412.88;156895.87;564.01;47.79
FCP HUGAU MONETERME;OPF;FCP1;FR0000009987;UNION + (IC);V;25.0;;;2020-09-21;189724.87;1.0;4743121.75;4743106.75;;;15.0
FCP HUGAU MONETERME;OBE;OBL;IT0005118838;INTESA SAN. 15-22 FLR;A;185.0;185000.0;EUR;2020-09-18;101.69865;1.0;188970.17;189061.61;827.67;91.44;35.0
FCP HUGAU MONETERME;OBE;OBL;XS1794195724;WPP FINANCE TV18-200322;A;2000.0;2000000.0;EUR;2020-09-21;99.5;1.0;1990000.0;1990291.5;;291.5;35.0
FCP HUGAU MONETERME;OBE;OBL;CH0253514753;BAT INTL FIN 0,625%14-080921;A;85.0;425000.0;CHF;2020-09-21;100.68882;1.0769;397472.53;397644.36;102.78;171.83;35.0
FCP HUGAU MONETERME;OBE;TCN;XS2238275353;ECP SYNGENTA FINANCE NV ZCP 23;A;15000000.0;15000000.0;EUR;2020-09-21;99.96781592;1.0;14995172.39;14995227.39;;55.0;55.0
FCP HUGAU MONETERME;OBE;OBL;XS0432830734;BARCLAYS 10,179%09-120621 REGS;A;1130.0;1130000.0;USD;2020-09-22;106.05;1.1764;1046373.85;1046523.8;27702.48;149.95;35.0
FCP HUGAU MONETERME;OBE;OBL;CH0249899110;BOBST GRP 1,5%14-300920;V;827.0;4135000.0;CHF;2020-09-23;100.01;1.0777;3894012.29;3893437.94;56753.77;574.35;48.67
FCP HUGAU MONETERME;OBE;OBL;USU07265AB47;BAYER US FIN II TV18-250621;V;1200.0;1200000.0;USD;2020-09-23;100.238;1.1707;1027467.33;1027320.21;;147.12;35.0
FCP HUGAU MONETERME;OBE;OBL;XS0974877150;GLENCORE FINANCE 3,375%13-0920;V;5000.0;5000000.0;EUR;2020-09-25;100.009;1.0;5168738.94;5167975.63;168288.94;763.31;60.0
FCP HUGAU MONETERME;OBE;OBL;XS0270347304;GOLDM.S.GRP 06/21;A;2000.0;2000000.0;EUR;2020-09-25;104.816;1.0;2187945.68;2188266.87;91625.68;321.19;35.0
FCP HUGAU MONETERME;OBE;OBL;FR0011769090;RENAULT 3,125%14-050321 EMTN;A;1000.0;1000000.0;EUR;2020-09-25;101.02;1.0;1028008.22;1028155.42;17808.22;147.2;35.0
FCP HUGAU MONETERME;OBE;OBL;XS2093769383;SANTANDER CONSUM FI TV19-1221;V;50.0;5000000.0;EUR;2020-09-25;100.33;1.0;5016691.67;5015951.17;191.67;740.5;60.0
FCP HUGAU MONETERME;OBE;OBL;IT0005118838;INTESA SAN. 15-22 FLR;A;810.0;810000.0;EUR;2020-09-25;101.64316;1.0;827235.43;827599.53;3925.83;364.1;35.0
FCP HUGAU MONETERME;OBE;OBL;XS0619548216;ABN AMRO 6,375%11-270421;A;1200.0;1200000.0;EUR;2020-09-28;103.55;1.0;1275295.89;1275480.18;32695.89;184.29;35.0
FCP HUGAU MONETERME;OPF;FCP1;FR0013368065;CM-CIC MONEPLUS IC2 FCP 3DEC;A;50.0;;;2020-09-28;106874.77;1.0;5343738.5;5343753.5;;;15.0
FCP HUGAU MONETERME;OBE;OBL;XS1458408306;GLDM SACHS GRP TV16-270721;V;5600.0;5600000.0;EUR;2020-09-25;100.72;1.0;5645766.0;5644931.14;5446.0;834.86;60.0
FCP HUGAU MONETERME;OBE;OBL;FR0010941690;ORANO3.50%MAR21 EMTN;A;40.0;2000000.0;EUR;2020-09-28;101.34;1.0;2063621.92;2063924.46;36821.92;302.54;35.0
FCP HUGAU MONETERME;OBE;OBL;DE000CB83CF0;COMMERZBANK 7,75%11-160321 774;A;22.0;2200000.0;EUR;2020-09-29;103.374;1.0;2367185.53;2367533.6;92957.53;348.07;35.0
FCP HUGAU MONETERME;OBE;OBL;XS1497682036;FCA BANK IR 1,625%16-290921;A;8000.0;8000000.0;GBP;2020-09-29;100.25;0.9095;8818815.1;8820125.92;783.21;1310.82;60.0
FCP HUGAU MONETERME;OBE;OBL;IT0005118838;INTESA SAN. 15-22 FLR;A;136.0;136000.0;EUR;2020-09-29;101.55551;1.0;138122.51;138198.94;7.02;76.43;35.0
FCP HUGAU MONETERME;OPF;FCP1;FR0000009987;UNION + (IC);A;20.0;;;2020-09-30;189712.12;1.0;3794242.4;3794257.4;;;15.0
FCP HUGAU MONETERME;OBE;OBL;XS0270347304;GOLDM.S.GRP 06/21;A;1000.0;1000000.0;EUR;2020-09-29;104.779;1.0;1093862.4;1094019.48;46072.4;157.08;35.0
FCP HUGAU MONETERME;OBE;OBL;XS0122028904;AXA 7 1/8%00-20;A;4843.0;4843000.0;GBP;2020-09-30;101.3;0.9127;5676620.46;5677459.94;301405.16;839.48;60.0
FCP HUGAU MONETERME;OBE;OBL;XS1050454682;SYNGENTA FIN 1,875%14-021121;A;47.0;4700000.0;EUR;2020-09-30;101.34;1.0;4843640.86;4844355.4;80660.86;714.54;60.0
FCP HUGAU MONETERME;OBE;OBL;XS1050454682;SYNGENTA FIN 1,875%14-021121;A;2.0;200000.0;EUR;2020-09-30;101.301;1.0;206034.38;206069.38;3432.38;35.0;35.0
FCP HUGAU MONETERME;OBE;OBL;FR0011769090;RENAULT 3,125%14-050321 EMTN;A;1000.0;1000000.0;EUR;2020-10-01;101.081;1.0;1029131.92;1029279.29;18321.92;147.37;35.0
FCP HUGAU MONETERME;OBE;OBL;XS1113441080;THALES 2,125%14-230921 SR;A;470.0;470000.0;EUR;2020-09-30;101.501;1.0;477300.97;477365.56;246.27;64.59;35.0
FCP HUGAU MONETERME;OBE;OBL;IT0005118838;INTESA SAN. 15-22 FLR;A;243.0;243000.0;EUR;2020-09-30;101.59835;1.0;246909.09;247018.16;25.1;109.07;35.0
FCP HUGAU MONETERME;OBF;OBL;FR0011703776;BUREAU VERITAS 3,125%14-210121;A;50.0;5000000.0;EUR;2020-09-30;100.85;1.0;5151362.7;5152123.4;108862.7;760.7;60.0
FCP HUGAU MONETERME;OBE;OBL;XS0986063864;UNICREDIT TV13-281025 SUBORD.;A;15200.0;15200000.0;EUR;2020-10-02;100.34;1.0;16073144.48;16073204.48;821464.48;60.0;60.0
FCP HUGAU MONETERME;OBE;OBL;IT0005118838;INTESA SAN. 15-22 FLR;A;138.0;138000.0;EUR;2020-10-05;101.35681;1.0;139922.29;139999.25;49.89;76.96;35.0
FCP HUGAU MONETERME;OBF;TCN;FR0126488313;ORANGE BMT07102022;A;10000000.0;10000000.0;EUR;2020-10-06;100.0;1.0;10000000.0;10000025.0;;25.0;25.0
FCP HUGAU MONETERME;OBE;OBL;XS1050454682;SYNGENTA FIN 1,875%14-021121;A;40.0;4000000.0;EUR;2020-10-06;101.275;1.0;4120877.05;4121484.87;69877.05;607.82;51.51
FCP HUGAU MONETERME;OBE;OBL;XS1050454682;SYNGENTA FIN 1,875%14-021121;A;20.0;2000000.0;EUR;2020-10-08;101.318;1.0;2061708.36;2062010.61;35348.36;302.25;35.0
FCP HUGAU MONETERME;OBE;OBL;IT0005118838;INTESA SAN. 15-22 FLR;A;642.0;642000.0;EUR;2020-10-08;101.39657;1.0;651363.89;651649.89;397.91;286.0;35.0
FCP HUGAU MONETERME;OBE;OBL;XS1113441080;THALES 2,125%14-230921 SR;A;530.0;530000.0;EUR;2020-10-09;101.441;1.0;538254.42;538328.16;617.12;73.74;35.0
FCP HUGAU MONETERME;OBE;OBL;US05946KAD37;BBVA 3%15-201020;V;3190.0;3190000.0;USD;2020-10-08;100.046;1.176;2752939.26;2752904.26;39106.44;35.0;35.0
FCP HUGAU MONETERME;OBE;OBL;US05946KAD37;BBVA 3%15-201020;V;3190.0;3190000.0;USD;2020-10-08;100.046;1.176;2752939.26;2752533.33;39106.44;405.93;35.0
FCP HUGAU MONETERME;OBE;OBL;DE000CB83CF0;COMMERZBANK 7,75%11-160321 774;A;20.0;2000000.0;EUR;2020-10-13;103.161;1.0;2153672.05;2153988.09;90452.05;316.04;35.0
FCP HUGAU MONETERME;OBE;OBL;XS0619548216;ABN AMRO 6,375%11-270421;A;3000.0;3000000.0;EUR;2020-10-13;103.385;1.0;3191149.32;3191620.0;89599.32;470.68;39.88
FCP HUGAU MONETERME;OBE;OBL;IT0005118838;INTESA SAN. 15-22 FLR;A;1579.0;1579000.0;EUR;2020-10-13;101.11668;1.0;1597855.63;1598567.3;1223.25;711.67;35.0
FCP HUGAU MONETERME;OBE;OBL;XS1935281631;UNICREDIT TV19-140122;A;1000.0;1000000.0;USD;2020-10-13;103.066;1.1792;874130.5;874254.61;97.26;124.11;35.0
FCP HUGAU MONETERME;OBE;OBL;XS0619548216;ABN AMRO 6,375%11-270421;V;3000.0;3000000.0;EUR;2020-10-13;103.385;1.0;3191149.32;3190678.64;89599.32;470.68;39.88
FCP HUGAU MONETERME;OBE;OBL;US45580KAG31;ICBC 2,452%16-201021 MTN;A;3100.0;3100000.0;USD;2020-10-14;101.522;1.1733;2714006.15;2714406.25;31672.56;400.1;35.0
FCP HUGAU MONETERME;OBE;OBL;XS0618847775;UNICREDIT 6,125%11-190421 EMTN;A;500.0;500000.0;EUR;2020-10-13;103.067;1.0;530353.84;530426.39;15018.84;72.55;35.0
FCP HUGAU MONETERME;OBE;OBL;XS0270347304;GOLDM.S.GRP 06/21;A;1000.0;1000000.0;EUR;2020-10-13;104.676;1.0;1047150.41;1047300.48;390.41;150.07;35.0
FCP HUGAU MONETERME;OBE;OBL;XS0324964666;HBOS 5,374%07-300621 SUB.MTN;A;20.0;2000000.0;EUR;2020-10-15;103.625;1.0;2105042.56;2105351.32;32542.56;308.76;35.0
FCP HUGAU MONETERME;OBE;OBL;XS0429325748;BARCLAYS BK 10%09-210521 EMTN;A;1900.0;1900000.0;GBP;2020-10-15;105.1;0.9048;2293880.13;2294217.21;86873.05;337.08;35.0
FCP HUGAU MONETERME;OBF;TCN;FR0126382821;BELLON NCP09112020;A;20000000.0;20000000.0;EUR;2020-10-15;0.99999333;1.0;19999866.6;19999891.6;;25.0;25.0
FCP HUGAU MONETERME;OPF;FCP1;FR0000009987;UNION + (IC);V;24.0;;;2020-10-16;189685.74;1.0;4552457.76;4552442.76;;;15.0
FCP HUGAU MONETERME;OBE;OBL;XS0429325748;BARCLAYS BK 10%09-210521 EMTN;A;1650.0;1650000.0;GBP;2020-10-15;105.1;0.9048;1992053.79;1992345.59;75442.39;291.8;35.0
FCP HUGAU MONETERME;OBE;OBL;XS0525912449;BARCLAYS 6%10-140121 SUB.S.206;V;5000.0;5000000.0;EUR;2020-10-15;101.4;1.0;5298688.52;5297905.72;228688.52;782.8;60.0
FCP HUGAU MONETERME;OBE;OBL;XS1935281631;UNICREDIT TV19-140122;A;5250.0;5250000.0;USD;2020-10-19;103.0;1.1765;4599842.67;4600521.14;3582.58;678.47;57.49
FCP HUGAU MONETERME;OBE;OBL;FR0011731876;ACCOR 2,625%14-050221;A;7.0;700000.0;EUR;2020-10-19;100.64;1.0;717483.07;717583.69;13003.07;100.62;35.0
FCP HUGAU MONETERME;OBE;OBL;CH0434678410;SULZER 0,625%18-221021;A;360.0;1800000.0;CHF;2020-10-20;100.64;1.0724;1689220.44;1689973.59;;753.15;35.0
FCP HUGAU MONETERME;OBE;OBL;CH0434678410;SULZER 0,625%18-221021;A;560.0;2800000.0;CHF;2020-10-20;100.64;1.0724;2627676.24;2628851.69;;1175.45;35.0
FCP HUGAU MONETERME;OBE;OBL;CH0434678410;SULZER 0,625%18-221021;A;480.0;2400000.0;CHF;2020-10-20;100.64;1.0724;2252293.92;2253300.45;;1006.53;35.0
FCP HUGAU MONETERME;OBE;OBL;CH0434678410;SULZER 0,625%18-221021;A;400.0;2000000.0;CHF;2020-10-20;100.63988;1.0724;1876909.36;1877746.96;;837.6;35.0
FCP HUGAU MONETERME;OBE;OBL;CH0434678410;SULZER 0,625%18-221021;A;200.0;1000000.0;CHF;2020-10-20;100.64;1.0724;938455.8;938871.1;;415.3;35.0
FCP HUGAU MONETERME;OBE;OBL;CH0434678410;SULZER 0,625%18-221021;A;4.0;20000.0;CHF;2020-10-23;100.64;1.0715;18786.5;18830.83;1.62;44.33;35.0
FCP HUGAU MONETERME;OBE;OBL;XS1935281631;UNICREDIT TV19-140122;A;3550.0;3550000.0;USD;2020-10-23;103.0;1.1829;3095606.55;3096063.14;4474.59;456.59;38.69
FCP HUGAU MONETERME;OBE;OBL;FR0013331188;ILIAD 0,625%18-251121;A;90.0;9000000.0;EUR;2020-10-23;100.3;1.0;9078793.03;9080142.84;51793.03;1349.81;60.0
FCP HUGAU MONETERME;OPF;FCP1;FR0013368065;CM-CIC MONEPLUS IC2 FCP 3DEC;A;32.0;;;2020-10-23;106852.19;1.0;3419270.08;3419285.08;;;15.0
FCP HUGAU MONETERME;OPF;FCP1;FR0000009987;UNION + (IC);A;35.0;;;2020-10-23;189670.29;1.0;6638460.15;6638475.15;;;15.0
FCP HUGAU MONETERME;OBE;OBL;CH0434678410;SULZER 0,625%18-221021;A;542.0;2710000.0;CHF;2020-10-22;100.63;1.0739;2539585.8;2540721.55;175.24;1135.75;35.0
FCP HUGAU MONETERME;OBF;TCN;FR0126537903;FAUREC NCP28102021;A;10000000.0;10000000.0;EUR;2020-10-27;0.99596082;1.0;9959608.2;9959633.2;;25.0;25.0
FCP HUGAU MONETERME;OBF;TCN;FR0126538356;FINANC NCP PRE-CPTE   08122020;A;6000000.0;6000000.0;EUR;2020-10-27;0.99981781;1.0;5998906.86;5998931.86;;25.0;25.0
FCP HUGAU MONETERME;OBE;OBL;FR0013331188;ILIAD 0,625%18-251121;A;71.0;7100000.0;EUR;2020-10-23;100.12;1.0;7149378.95;7149438.95;40858.95;60.0;60.0
FCP HUGAU MONETERME;OBF;OBL;FR0012872174;BOLLORE 2,875%15-290721;A;34.0;3400000.0;EUR;2020-10-27;101.245;1.0;3466968.36;3467011.69;24638.36;43.33;43.33
FCP HUGAU MONETERME;OBE;OBL;CH0346828400;GAZ CAPITAL 2,75%16-301121;A;1000.0;5000000.0;CHF;2020-10-27;102.5;1.0736;4890703.91;4891425.51;117045.19;721.6;60.0
FCP HUGAU MONETERME;OBE;OBL;CH0346828400;GAZ CAPITAL 2,75%16-301121;A;500.0;2500000.0;CHF;2020-10-27;102.5;1.0736;2445351.96;2445711.75;58522.6;359.79;35.0
FCP HUGAU MONETERME;OBE;OBL;CH0346828400;GAZ CAPITAL 2,75%16-301121;A;819.0;4095000.0;CHF;2020-10-27;102.56;1.0736;4007775.07;4008366.2;95860.01;591.13;50.09
FCP HUGAU MONETERME;OPF;FCP1;FR0000009987;UNION + (IC);V;25.0;;;2020-10-29;189657.23;1.0;4741430.75;4741415.75;;;15.0
FCP HUGAU MONETERME;OBE;OBL;FR0013482809;LVMH TV20-110222;V;30.0;3000000.0;EUR;2020-10-28;100.33;1.0;3009900.0;3009456.05;;443.95;37.62
FCP HUGAU MONETERME;OBE;OBL;FR0013241130;BPCE TV17-090322 EMTN;V;44.0;4400000.0;EUR;2020-10-28;101.208;1.0;4456661.37;4456004.03;3509.37;657.34;55.7
FCP HUGAU MONETERME;OBE;OBL;XS0270347304;GOLDM.S.GRP 06/21;A;2200.0;2200000.0;EUR;2020-10-30;104.337;1.0;2301712.63;2302050.88;6298.63;338.25;35.0
FCP HUGAU MONETERME;OBE;OBL;CH0346828400;GAZ CAPITAL 2,75%16-301121;A;281.0;1405000.0;CHF;2020-11-04;102.45;1.0679;1381668.85;1382273.46;33768.77;604.61;35.0
FCP HUGAU MONETERME;OBE;OBL;FR0013331188;ILIAD 0,625%18-251121;A;17.0;1700000.0;EUR;2020-11-04;100.287;1.0;1714952.43;1715202.66;10073.43;250.23;35.0
FCP HUGAU MONETERME;OBE;OBL;CH0346828400;GAZ CAPITAL 2,75%16-301121;A;400.0;2000000.0;CHF;2020-11-04;102.49947;1.0679;1967714.89;1968578.93;48069.42;864.04;35.0
FCP HUGAU MONETERME;OBE;OBL;CH0346828400;GAZ CAPITAL 2,75%16-301121;A;400.0;2000000.0;CHF;2020-11-04;102.475;1.0679;1967256.61;1967544.69;48069.42;288.08;35.0
FCP HUGAU MONETERME;OBF;TCN;FR0126524836;BOLLOR NCP22012021;A;9500000.0;9500000.0;EUR;2020-11-05;0.99980503;1.0;9498147.79;9498172.79;;25.0;25.0
FCP HUGAU MONETERME;OBE;OBL;XS0122028904;AXA 7 1/8%00-20;A;5000.0;5000000.0;GBP;2020-11-04;100.66;0.8991;5951124.74;5951184.74;353304.69;60.0;60.0
FCP HUGAU MONETERME;OBE;OBL;CH0434678410;SULZER 0,625%18-221021;A;224.0;1120000.0;CHF;2020-11-06;100.73;1.0694;1055288.95;1055440.24;327.29;151.29;35.0
FCP HUGAU MONETERME;OBE;OBL;XS0324964666;HBOS 5,374%07-300621 SUB.MTN;A;5.0;500000.0;EUR;2020-11-06;103.39;1.0;526653.06;526725.06;9703.06;72.0;35.0
FCP HUGAU MONETERME;OBE;OBL;CH0434678410;SULZER 0,625%18-221021;A;540.0;2700000.0;CHF;2020-11-06;100.73;1.0694;2544000.14;2544374.74;788.99;374.6;35.0
FCP HUGAU MONETERME;OBF;TCN;FR0126414517;ITMENT NCP21122020;A;15000000.0;15000000.0;EUR;2020-11-06;0.99985002;1.0;14997750.3;14997775.3;;25.0;25.0
FCP HUGAU MONETERME;OBE;OBL;CH0253514753;BAT INTL FIN 0,625%14-080921;A;700.0;3500000.0;CHF;2020-11-06;100.727;1.0717;3293097.28;3293583.0;3515.31;485.72;41.16
FCP HUGAU MONETERME;OPF;FCP1;FR0000009987;UNION + (IC);A;38.5;;;2020-11-10;189632.98;1.0;7300869.73;7300884.73;;;15.0
FCP HUGAU MONETERME;OBE;OBL;XS1853394598;VOLKSW FIN SERV 1,875%18-0921;A;66.0;6600000.0;GBP;2020-11-10;101.0;0.9025;7410943.72;7412043.35;24794.14;1099.63;60.0
FCP HUGAU MONETERME;OBF;TCN;FR0126527409;BELLON NCP PRE-CPTE   10112021;A;10000000.0;10000000.0;EUR;2020-11-10;0.99878813;1.0;9987881.3;9987906.3;;25.0;25.0
FCP HUGAU MONETERME;OBE;OBL;IT0005118838;INTESA SAN. 15-22 FLR;A;321.0;321000.0;EUR;2020-11-09;101.54502;1.0;326655.82;326795.61;696.31;139.79;35.0
FCP HUGAU MONETERME;OBF;TCN;FR0126566068;FINANC NCP12022021;A;10000000.0;10000000.0;EUR;2020-11-10;0.99956574;1.0;9995657.4;9995682.4;;25.0;25.0
FCP HUGAU MONETERME;OBF;OBL;FR0010941690;ORANO3.50%MAR21 EMTN;A;11.0;550000.0;EUR;2020-11-13;101.1;1.0;568707.53;568785.83;12657.53;78.3;35.0
FCP HUGAU MONETERME;OBF;TCN;FR0126581570;FAUREC NCP PRE-CPTE   15112021;A;7000000.0;7000000.0;EUR;2020-11-13;0.99597184;1.0;6971802.88;6971827.88;;25.0;25.0
FCP HUGAU MONETERME;OBE;OBL;XS1497682036;FCA BANK IR 1,625%16-290921;A;1990.0;1990000.0;GBP;2020-11-16;100.82;0.896;2244138.16;2244173.16;4943.96;35.0;35.0
FCP HUGAU MONETERME;OBE;OBL;XS1328798779;ALLIED IRISH TV15-PERP.EMTN;A;6364.0;6364000.0;EUR;2020-11-16;100.29;1.0;6597892.65;6597952.65;215437.05;60.0;60.0
FCP HUGAU MONETERME;OBE;OBL;XS1497682036;FCA BANK IR 1,625%16-290921;A;4102.0;4102000.0;GBP;2020-11-16;100.82;0.896;4625856.65;4626538.95;10191.03;682.3;57.82
FCP HUGAU MONETERME;OBE;OBL;IT0005118838;INTESA SAN. 15-22 FLR;A;684.0;684000.0;EUR;2020-11-16;101.56401;1.0;696428.9;696734.76;1731.07;305.86;35.0
FCP HUGAU MONETERME;OPF;FCP1;FR0000009987;UNION + (IC);V;60.0;;;2020-11-17;189620.04;1.0;11377202.4;11377187.4;;;15.0
FCP HUGAU MONETERME;OBF;TCN;FR0126582396;SOFIPR NCP PRE-CPTE   18022021;A;15000000.0;15000000.0;EUR;2020-11-18;0.99997444;1.0;14999616.6;14999641.6;;25.0;25.0
FCP HUGAU MONETERME;OPF;FCP1;FR0000009987;UNION + (IC);A;50.0;;;2020-11-18;189617.84;1.0;9480892.0;9480907.0;;;15.0
FCP HUGAU MONETERME;OBE;OBL;XS1325125158;ALLIED IRISH BANKS TV15-1125;A;10000.0;10000000.0;EUR;2020-11-18;100.075;1.0;10412110.66;10412170.66;404610.66;60.0;60.0
FCP HUGAU MONETERME;OBE;OBL;US251526BX61;DT.BANK NY NTS 18/21 DL;A;9800.0;9800000.0;USD;2020-11-18;102.74;1.1872;8515978.77;8517244.16;35082.55;1265.39;60.0
FCP HUGAU MONETERME;OBE;OBL;XS1325125158;ALLIED IRISH BANKS TV15-1125;A;10000.0;10000000.0;EUR;2020-11-18;100.075;1.0;10412110.66;10412170.66;404610.66;60.0;60.0
FCP HUGAU MONETERME;OBF;TCN;FR0126582727;CALEDO NCP22112021;A;10000000.0;10000000.0;EUR;2020-11-20;0.99446964;1.0;9944696.4;9944721.4;;25.0;25.0
FCP HUGAU MONETERME;OBF;TCN;FR0126582727;CALEDO NCP PRE-CPTE   22112021;A;10000000.0;10000000.0;EUR;2020-11-20;0.99446964;1.0;9944696.4;9944721.4;;25.0;25.0
FCP HUGAU MONETERME;OBE;OBL;USN84413CJ59;SYNGENTA FIN 3,933%18-240421;A;4500.0;4500000.0;USD;2020-11-23;101.12;1.1905;3835061.21;3835626.87;12801.65;565.66;47.93
FCP HUGAU MONETERME;OBE;OBL;CH0253514753;BAT INTL FIN 0,625%14-080921;A;900.0;4500000.0;CHF;2020-11-24;100.695;1.0837;4186923.27;4187540.82;5623.1;617.55;52.33
FCP HUGAU MONETERME;OBE;OBL;US251526BX61;DT.BANK NY NTS 18/21 DL;A;7200.0;7200000.0;USD;2020-11-24;102.72;1.1868;6262546.34;6263473.71;30797.1;927.37;60.0
FCP HUGAU MONETERME;OBE;OBL;IT0005118838;INTESA SAN. 15-22 FLR;A;558.0;558000.0;EUR;2020-11-23;101.57749;1.0;568416.29;568664.6;1613.9;248.31;35.0
FCP HUGAU MONETERME;OBE;OBL;DE000CB83CF0;COMMERZBANK 7,75%11-160321 774;A;34.0;3400000.0;EUR;2020-11-25;102.33;1.0;3664030.96;3664076.76;184810.96;45.8;45.8
FCP HUGAU MONETERME;OBE;OBL;IT0005118838;INTESA SAN. 15-22 FLR;A;288.0;288000.0;EUR;2020-11-24;101.64747;1.0;293592.58;293717.43;847.87;124.85;35.0
FCP HUGAU MONETERME;OPF;FCP1;FR0000009987;UNION + (IC);V;15.0;;;2020-11-26;189602.66;1.0;2844039.9;2844024.9;;;15.0
FCP HUGAU MONETERME;OPF;FCP1;FR0000009987;UNION + (IC);V;20.0;;;2020-11-27;189600.3;1.0;3792006.0;3791991.0;;;15.0
FCP HUGAU MONETERME;OBE;OBL;CH0434678410;SULZER 0,625%18-221021;A;400.0;2000000.0;CHF;2020-12-01;100.67;1.0845;1857836.43;1857871.43;1312.69;35.0;35.0
FCP HUGAU MONETERME;OBE;OBL;CH0434678410;SULZER 0,625%18-221021;A;300.0;1500000.0;CHF;2020-12-01;100.67;1.0845;1393377.33;1393579.33;984.52;202.0;35.0
FCP HUGAU MONETERME;OBE;OBL;CH0346828400;GAZ CAPITAL 2,75%16-301121;A;600.0;3000000.0;CHF;2020-12-01;102.422;1.0845;2833884.28;2834302.27;633.93;417.99;35.42
FCP HUGAU MONETERME;OBE;OBL;US251526BP38;DEUTSCHE BANK 3,15%0121;A;500.0;500000.0;USD;2020-11-30;100.33;1.1987;423239.76;423296.24;4744.72;56.48;35.0
FCP HUGAU MONETERME;OBE;OBL;USU07265AB47;BAYER US FIN II TV18-250621;V;1200.0;1200000.0;USD;2020-11-30;100.229;1.1987;1004993.74;1004850.0;1616.75;143.74;35.0
FCP HUGAU MONETERME;OBF;TCN;FR0126526724;NEXITY BMT02122022;A;10000000.0;10000000.0;EUR;2020-12-01;1.0;1.0;10000000.0;10000025.0;;25.0;25.0
FCP HUGAU MONETERME;OBE;OBL;US345397ZH93;FORD MOTOR CRED 3,813%18-1021;A;3500.0;3500000.0;USD;2020-12-08;101.35;1.211;2946945.57;2947380.24;17754.81;434.67;36.83
FCP HUGAU MONETERME;OBE;OBL;XS1594368539;BBVA 17/22 FLR MTN;V;10.0;1000000.0;EUR;2020-12-08;100.584;1.0;1005994.06;1005850.17;154.06;143.89;35.0
FCP HUGAU MONETERME;OBE;OBL;US345397ZH93;FORD MOTOR CRED 3,813%18-1021;A;3490.0;3490000.0;USD;2020-12-08;101.35;1.211;2938525.72;2938959.15;17704.09;433.43;36.73
FCP HUGAU MONETERME;OBE;OBL;XS0907289978;TELEF.EM.3,961%13-260321 MTN;V;16.0;1600000.0;EUR;2020-12-08;101.31;1.0;1665930.92;1665688.03;44970.92;242.89;35.0
FCP HUGAU MONETERME;OBE;OBL;FR0010327007;COFIROUTE 5%06-240521;V;10.0;500000.0;EUR;2020-12-08;102.464;1.0;526018.63;525946.73;13698.63;71.9;35.0
FCP HUGAU MONETERME;OBE;OBL;XS0906792105;THALES 13-2,25%190321 EMTN;V;3.0;300000.0;EUR;2020-12-08;100.732;1.0;307115.18;307076.12;4919.18;39.06;35.0
FCP HUGAU MONETERME;OBE;OBL;XS1048568452;FIAT CHRYSLER 4,75%14-220321;A;1660.0;1660000.0;EUR;2020-12-10;101.24;1.0;1738263.31;1738517.05;57679.31;253.74;35.0
FCP HUGAU MONETERME;OBE;OBL;XS1048568452;FIAT CHRYSLER 4,75%14-220321;A;2370.0;2370000.0;EUR;2020-12-10;101.23;1.0;2481500.38;2481865.6;82349.38;365.22;35.0
FCP HUGAU MONETERME;OBE;OBL;XS1048568452;FIAT CHRYSLER 4,75%14-220321;A;2370.0;2370000.0;EUR;2020-12-10;101.23;1.0;2481500.38;2481865.6;82349.38;365.22;35.0
FCP HUGAU MONETERME;OBE;OBL;IT0005118838;INTESA SAN. 15-22 FLR;A;534.0;534000.0;EUR;2020-12-09;101.28139;1.0;542828.41;543065.09;1985.79;236.68;35.0
FCP HUGAU MONETERME;OBE;OBL;IT0005118838;INTESA SAN. 15-22 FLR;A;2000.0;2000000.0;EUR;2020-12-10;101.43733;1.0;2036493.8;2037400.9;7747.2;907.1;35.0
FCP HUGAU MONETERME;OBE;OBL;DE000CB83CF0;COMMERZBANK 7,75%11-160321 774;A;30.0;3000000.0;EUR;2020-12-11;101.88;1.0;3230934.25;3231410.81;174534.25;476.56;40.38
FCP HUGAU MONETERME;OBE;OBL;XS1935310166;UNICREDIT 6,572%19-140122;A;5000.0;5000000.0;USD;2020-12-10;105.65;1.2092;4481819.94;4482481.0;113229.13;661.06;56.02
FCP HUGAU MONETERME;OBE;OBL;BE0002442177;UCB 4,125%13-040121;A;9121.0;9121000.0;EUR;2020-12-14;100.207;1.0;9496590.07;9496650.07;356709.6;60.0;60.0
FCP HUGAU MONETERME;OBE;OBL;US571903AR49;MARRIOTT INTL 2,3%16-150122 Q;A;1000.0;1000000.0;USD;2020-12-11;101.3955;1.2122;844364.24;844483.89;7905.73;119.65;35.0
FCP HUGAU MONETERME;OBE;OBL;XS1382378690;BP CAPITAL MARKETS 3,161%16-21;V;1000.0;1000000.0;USD;2020-12-14;100.702;1.2154;847983.95;847863.76;19433.68;120.19;35.0
FCP HUGAU MONETERME;OBE;OBL;XS1382378690;BP CAPITAL MARKETS 3,161%16-21;V;1000.0;1000000.0;USD;2020-12-14;100.702;1.2154;847983.95;847948.95;19433.68;35.0;35.0
FCP HUGAU MONETERME;OBE;OBL;IT0005118838;INTESA SAN. 15-22 FLR;A;510.0;510000.0;EUR;2020-12-14;101.44553;1.0;519400.42;519626.53;2028.22;226.11;35.0
FCP HUGAU MONETERME;OBE;OBL;US571903AR49;MARRIOTT INTL 2,3%16-150122 Q;A;1000.0;1000000.0;USD;2020-12-15;101.4429;1.2163;842012.75;842132.05;7984.14;119.3;35.0
FCP HUGAU MONETERME;OBE;OBL;XS1935310166;UNICREDIT 6,572%19-140122;A;3000.0;3000000.0;USD;2020-12-15;105.7;1.2163;2675978.79;2676373.18;68891.72;394.39;35.0
FCP HUGAU MONETERME;OBE;OBL;US571903AR49;MARRIOTT INTL 2,3%16-150122 Q;A;400.0;400000.0;USD;2020-12-14;101.458;1.2154;337083.17;337118.17;3175.0;35.0;35.0
FCP HUGAU MONETERME;OBE;OBL;IT0005161689;MEDIOBANCA TV16-040322 76;A;1000.0;2000000.0;USD;2020-12-15;99.6;1.2163;1638187.6;1638426.32;433.76;238.72;35.0
FCP HUGAU MONETERME;OBE;OBL;US571903AR49;MARRIOTT INTL 2,3%16-150122 Q;A;1000.0;1000000.0;USD;2020-12-14;101.4568;1.2154;842698.06;842733.06;7937.49;35.0;35.0
FCP HUGAU MONETERME;OBE;OBL;XS1729872652;FORD MOTOR CR.TV17-011221 EMTN;A;3000.0;3000000.0;EUR;2020-12-16;99.15;1.0;2974500.0;2974938.74;;438.74;37.18
FCP HUGAU MONETERME;OBE;OBL;CH0346828400;GAZ CAPITAL 2,75%16-301121;A;1100.0;5500000.0;CHF;2020-12-16;102.34;1.0772;5232326.87;5233099.72;7020.52;772.85;60.0
FCP HUGAU MONETERME;OBF;TCN;FR0126590969;FINANC NCP18032021;A;10000000.0;10000000.0;EUR;2020-12-16;0.99970009;1.0;9997000.9;9997025.9;;25.0;25.0
FCP HUGAU MONETERME;OBF;TCN;FR0126590688;ITMENT NCP17062021;A;10000000.0;10000000.0;EUR;2020-12-16;0.99914129;1.0;9991412.9;9991437.9;;25.0;25.0
FCP HUGAU MONETERME;OBE;OBL;IT0005118838;INTESA SAN. 15-22 FLR;A;823.0;823000.0;EUR;2020-12-16;101.46535;1.0;838417.83;838787.11;3358.0;369.28;35.0
FCP HUGAU MONETERME;OBF;TCN;FR0126583998;SOFIPR NCP28122020;A;20000000.0;20000000.0;EUR;2020-12-17;1.00002361;1.0;20000472.2;20000497.2;;25.0;25.0
FCP HUGAU MONETERME;OPF;FCP1;FR0000009987;UNION + (IC);A;50.0;;;2020-12-18;189552.14;1.0;9477607.0;9477622.0;;;15.0
FCP HUGAU MONETERME;OPF;FCP1;FR0013368065;CM-CIC MONEPLUS IC2 FCP 3DEC;A;50.0;;;2020-12-18;106788.08;1.0;5339404.0;5339419.0;;;15.0
FCP HUGAU MONETERME;OBE;OBL;IT0005118838;INTESA SAN. 15-22 FLR;A;800.0;800000.0;EUR;2020-12-22;101.4239;1.0;814903.28;815261.92;3512.08;358.64;35.0
FCP HUGAU MONETERME;OBE;OBL;XS2099993235;SANTANDER CONSUM FI TV20-0721;V;50.0;5000000.0;EUR;2020-12-22;100.185;1.0;5010203.06;5009463.54;953.06;739.52;60.0
FCP HUGAU MONETERME;OPF;FCP1;FR0013368065;CM-CIC MONEPLUS IC2 FCP 3DEC;V;10.0;;;2020-12-23;106781.15;1.0;1067811.5;1067796.5;;;15.0
FCP HUGAU MONETERME;OBF;OBL;FR0013233426;BOLLORE 2%17-250122;A;33.0;3300000.0;EUR;2020-12-22;101.35;1.0;3404779.52;3405281.71;60229.52;502.19;42.55
FCP HUGAU MONETERME;OBE;OBL;DE000DL19T18;DEUTSCHE BANK 0,375%18-180121;V;101.0;10100000.0;EUR;2020-12-22;100.041;1.0;10139428.91;10139368.91;35287.91;60.0;60.0
FCP HUGAU MONETERME;OBE;OBL;XS1757442071;LEASEPLAN TV18-250121;V;4000.0;4000000.0;EUR;2020-12-22;100.026;1.0;4001040.0;4000449.86;;590.14;50.01
FCP HUGAU MONETERME;OBE;OBL;XS1051003538;GLENCORE FIN.EU 14/21 MTN;V;2000.0;2000000.0;EUR;2020-12-22;100.071;1.0;2041652.88;2041353.64;40232.88;299.24;35.0
FCP HUGAU MONETERME;OPF;FCP1;FR0000009987;UNION + (IC);V;10.0;;;2020-12-23;189539.8;1.0;1895398.0;1895383.0;;;15.0
FCP HUGAU MONETERME;OPF;FCP1;FR0013368065;CM-CIC MONEPLUS IC2 FCP 3DEC;V;5.0;;;2020-12-28;106776.37;1.0;533881.85;533866.85;;;15.0
FCP HUGAU MONETERME;OPF;FCP1;FR0013368065;CM-CIC MONEPLUS IC2 FCP 3DEC;V;300.0;;;2020-12-31;106771.98;1.0;32031594.0;32031579.0;;;15.0
FCP HUGAU MONETERME;OBE;OBL;DE000DL19UQ0;DEUTSCHE BANK 1,625%19-120221;V;120.0;12000000.0;EUR;2020-12-31;100.185;1.0;12196954.1;12195136.57;174754.1;1817.53;60.0
FCP HUGAU MONETERME;OBE;OBL;FR0013250685;RCI BANQUE TV17-120421;V;5300.0;5300000.0;EUR;2020-12-31;100.086;1.0;5306360.0;5305576.05;1802.0;783.95;60.0
FCP HUGAU MONETERME;OBE;OBL;FR0013250685;RCI BANQUE TV17-120421;A;5300.0;5300000.0;EUR;2020-12-31;100.086;1.0;5306360.0;5307143.95;1802.0;783.95;60.0
FCP HUGAU MONETERME;OPF;FCP1;FR0000009987;UNION + (IC);V;158.0;;;2020-12-31;189524.25;1.0;29944831.5;29944816.5;;;15.0
